"year","variable","source_sheet","source_url","data_item_length","supported","unsupported_reason"
2011,"AGEP","Persons","https://www.abs.gov.au/AUSSTATS/subscriber.nsf/log?openagent&Expanded%20CSF%20Data%20item%20list.xls&2037.0.30.001&Data%20Cubes&4D86558DCFA7A018CA257C3E000EE68E&0&2011&13.12.2013&Latest",2,TRUE,""
2011,"ANC1P","Persons","https://www.abs.gov.au/AUSSTATS/subscriber.nsf/log?openagent&Expanded%20CSF%20Data%20item%20list.xls&2037.0.30.001&Data%20Cubes&4D86558DCFA7A018CA257C3E000EE68E&0&2011&13.12.2013&Latest",2,TRUE,""
2011,"ANC2P","Persons","https://www.abs.gov.au/AUSSTATS/subscriber.nsf/log?openagent&Expanded%20CSF%20Data%20item%20list.xls&2037.0.30.001&Data%20Cubes&4D86558DCFA7A018CA257C3E000EE68E&0&2011&13.12.2013&Latest",2,TRUE,""
2011,"ASSNP","Persons","https://www.abs.gov.au/AUSSTATS/subscriber.nsf/log?openagent&Expanded%20CSF%20Data%20item%20list.xls&2037.0.30.001&Data%20Cubes&4D86558DCFA7A018CA257C3E000EE68E&0&2011&13.12.2013&Latest",1,TRUE,""
2011,"BEDD","2011 Census Dictionary category table","https://www.abs.gov.au/ausstats/abs@.nsf/Lookup/2901.0Chapter802011",2,TRUE,""
2011,"BEDRD","Dwelling classifications","https://www.abs.gov.au/AUSSTATS/subscriber.nsf/log?openagent&Expanded%20CSF%20Data%20item%20list.xls&2037.0.30.001&Data%20Cubes&4D86558DCFA7A018CA257C3E000EE68E&0&2011&13.12.2013&Latest",1,TRUE,""
2011,"BPFP","Persons","https://www.abs.gov.au/AUSSTATS/subscriber.nsf/log?openagent&Expanded%20CSF%20Data%20item%20list.xls&2037.0.30.001&Data%20Cubes&4D86558DCFA7A018CA257C3E000EE68E&0&2011&13.12.2013&Latest",1,TRUE,""
2011,"BPLP","Persons","https://www.abs.gov.au/AUSSTATS/subscriber.nsf/log?openagent&Expanded%20CSF%20Data%20item%20list.xls&2037.0.30.001&Data%20Cubes&4D86558DCFA7A018CA257C3E000EE68E&0&2011&13.12.2013&Latest",2,TRUE,""
2011,"BPMP","Persons","https://www.abs.gov.au/AUSSTATS/subscriber.nsf/log?openagent&Expanded%20CSF%20Data%20item%20list.xls&2037.0.30.001&Data%20Cubes&4D86558DCFA7A018CA257C3E000EE68E&0&2011&13.12.2013&Latest",1,TRUE,""
2011,"BPPP","2011 Census Dictionary category table","https://www.abs.gov.au/ausstats/abs@.nsf/Lookup/2901.0Chapter1302011",1,TRUE,""
2011,"C11_PERSON_ID","","https://www.abs.gov.au/AUSSTATS/subscriber.nsf/log?openagent&Expanded%20CSF%20Data%20item%20list.xls&2037.0.30.001&Data%20Cubes&4D86558DCFA7A018CA257C3E000EE68E&0&2011&13.12.2013&Latest",,FALSE,"not_enumerated_in_official_source"
2011,"CACF","2011 Census Dictionary category table","https://www.abs.gov.au/ausstats/abs@.nsf/Lookup/2901.0Chapter1402011",1,TRUE,""
2011,"CDCAF","2011 Census Dictionary category table","https://www.abs.gov.au/ausstats/abs@.nsf/Lookup/2901.0Chapter1502011",1,TRUE,""
2011,"CDCF","2011 Census Dictionary category table","https://www.abs.gov.au/ausstats/abs@.nsf/Lookup/2901.0Chapter1602011",2,TRUE,""
2011,"CDEP","Persons","https://www.abs.gov.au/AUSSTATS/subscriber.nsf/log?openagent&Expanded%20CSF%20Data%20item%20list.xls&2037.0.30.001&Data%20Cubes&4D86558DCFA7A018CA257C3E000EE68E&0&2011&13.12.2013&Latest",1,TRUE,""
2011,"CDSAF","2011 Census Dictionary category table","https://www.abs.gov.au/ausstats/abs@.nsf/Lookup/2901.0Chapter1702011",1,TRUE,""
2011,"CHCAREP","Persons","https://www.abs.gov.au/AUSSTATS/subscriber.nsf/log?openagent&Expanded%20CSF%20Data%20item%20list.xls&2037.0.30.001&Data%20Cubes&4D86558DCFA7A018CA257C3E000EE68E&0&2011&13.12.2013&Latest",1,TRUE,""
2011,"CITP","Persons","https://www.abs.gov.au/AUSSTATS/subscriber.nsf/log?openagent&Expanded%20CSF%20Data%20item%20list.xls&2037.0.30.001&Data%20Cubes&4D86558DCFA7A018CA257C3E000EE68E&0&2011&13.12.2013&Latest",1,TRUE,""
2011,"CNDAF","2011 Census Dictionary category table","https://www.abs.gov.au/ausstats/abs@.nsf/Lookup/2901.0Chapter2002011",1,TRUE,""
2011,"CNDCF","2011 Census Dictionary category table","https://www.abs.gov.au/ausstats/abs@.nsf/Lookup/2901.0Chapter2102011",2,TRUE,""
2011,"CPAD","2011 Census Dictionary category table","https://www.abs.gov.au/ausstats/abs@.nsf/Lookup/2901.0Chapter2202011",1,TRUE,""
2011,"CPAF","2011 Census Dictionary category table","https://www.abs.gov.au/ausstats/abs@.nsf/Lookup/2901.0Chapter2302011",1,TRUE,""
2011,"CPRF","2011 Census Dictionary category table","https://www.abs.gov.au/ausstats/abs@.nsf/Lookup/2901.0Chapter2402011",1,TRUE,""
2011,"CTGP","2011 Census Dictionary category table","https://www.abs.gov.au/ausstats/abs@.nsf/Lookup/2901.0Chapter2502011",1,TRUE,""
2011,"CTPP","Persons","https://www.abs.gov.au/AUSSTATS/subscriber.nsf/log?openagent&Expanded%20CSF%20Data%20item%20list.xls&2037.0.30.001&Data%20Cubes&4D86558DCFA7A018CA257C3E000EE68E&0&2011&13.12.2013&Latest",1,TRUE,""
2011,"DLOD","2011 Census Dictionary category table","https://www.abs.gov.au/ausstats/abs@.nsf/Lookup/2901.0Chapter2702011",1,TRUE,""
2011,"DOBMP","","https://www.abs.gov.au/AUSSTATS/subscriber.nsf/log?openagent&Expanded%20CSF%20Data%20item%20list.xls&2037.0.30.001&Data%20Cubes&4D86558DCFA7A018CA257C3E000EE68E&0&2011&13.12.2013&Latest",,FALSE,"not_enumerated_in_official_source"
2011,"DOBYP","","https://www.abs.gov.au/AUSSTATS/subscriber.nsf/log?openagent&Expanded%20CSF%20Data%20item%20list.xls&2037.0.30.001&Data%20Cubes&4D86558DCFA7A018CA257C3E000EE68E&0&2011&13.12.2013&Latest",,FALSE,"not_enumerated_in_official_source"
2011,"DOMP","Persons","https://www.abs.gov.au/AUSSTATS/subscriber.nsf/log?openagent&Expanded%20CSF%20Data%20item%20list.xls&2037.0.30.001&Data%20Cubes&4D86558DCFA7A018CA257C3E000EE68E&0&2011&13.12.2013&Latest",1,TRUE,""
2011,"DWELLING_ID","","https://www.abs.gov.au/AUSSTATS/subscriber.nsf/log?openagent&Expanded%20CSF%20Data%20item%20list.xls&2037.0.30.001&Data%20Cubes&4D86558DCFA7A018CA257C3E000EE68E&0&2011&13.12.2013&Latest",,FALSE,"not_enumerated_in_official_source"
2011,"DWTD","Dwelling classifications","https://www.abs.gov.au/AUSSTATS/subscriber.nsf/log?openagent&Expanded%20CSF%20Data%20item%20list.xls&2037.0.30.001&Data%20Cubes&4D86558DCFA7A018CA257C3E000EE68E&0&2011&13.12.2013&Latest",1,TRUE,""
2011,"EMPP","Persons","https://www.abs.gov.au/AUSSTATS/subscriber.nsf/log?openagent&Expanded%20CSF%20Data%20item%20list.xls&2037.0.30.001&Data%20Cubes&4D86558DCFA7A018CA257C3E000EE68E&0&2011&13.12.2013&Latest",1,TRUE,""
2011,"EMTP","Persons","https://www.abs.gov.au/AUSSTATS/subscriber.nsf/log?openagent&Expanded%20CSF%20Data%20item%20list.xls&2037.0.30.001&Data%20Cubes&4D86558DCFA7A018CA257C3E000EE68E&0&2011&13.12.2013&Latest",1,TRUE,""
2011,"ENGLP","2011 Census Dictionary category table","https://www.abs.gov.au/ausstats/abs@.nsf/Lookup/2901.0Chapter3202011",1,TRUE,""
2011,"ENGP","Persons","https://www.abs.gov.au/AUSSTATS/subscriber.nsf/log?openagent&Expanded%20CSF%20Data%20item%20list.xls&2037.0.30.001&Data%20Cubes&4D86558DCFA7A018CA257C3E000EE68E&0&2011&13.12.2013&Latest",1,TRUE,""
2011,"FAMILY_ID","","https://www.abs.gov.au/AUSSTATS/subscriber.nsf/log?openagent&Expanded%20CSF%20Data%20item%20list.xls&2037.0.30.001&Data%20Cubes&4D86558DCFA7A018CA257C3E000EE68E&0&2011&13.12.2013&Latest",,FALSE,"not_enumerated_in_official_source"
2011,"FBLF","2011 Census Dictionary category table","https://www.abs.gov.au/ausstats/abs@.nsf/Lookup/2901.0Chapter3402011",1,TRUE,""
2011,"FIDF","2011 Census Dictionary category table","https://www.abs.gov.au/ausstats/abs@.nsf/Lookup/2901.0Chapter3502011",1,TRUE,""
2011,"FINASF","Family classifications","https://www.abs.gov.au/AUSSTATS/subscriber.nsf/log?openagent&Expanded%20CSF%20Data%20item%20list.xls&2037.0.30.001&Data%20Cubes&4D86558DCFA7A018CA257C3E000EE68E&0&2011&13.12.2013&Latest",2,TRUE,""
2011,"FINF","2011 Census Dictionary category table","https://www.abs.gov.au/ausstats/abs@.nsf/Lookup/2901.0Chapter3702011",2,TRUE,""
2011,"FMCF","Family classifications","https://www.abs.gov.au/AUSSTATS/subscriber.nsf/log?openagent&Expanded%20CSF%20Data%20item%20list.xls&2037.0.30.001&Data%20Cubes&4D86558DCFA7A018CA257C3E000EE68E&0&2011&13.12.2013&Latest",1,TRUE,""
2011,"FNOF","Family classifications","https://www.abs.gov.au/AUSSTATS/subscriber.nsf/log?openagent&Expanded%20CSF%20Data%20item%20list.xls&2037.0.30.001&Data%20Cubes&4D86558DCFA7A018CA257C3E000EE68E&0&2011&13.12.2013&Latest",1,TRUE,""
2011,"FRLF","Family classifications","https://www.abs.gov.au/AUSSTATS/subscriber.nsf/log?openagent&Expanded%20CSF%20Data%20item%20list.xls&2037.0.30.001&Data%20Cubes&4D86558DCFA7A018CA257C3E000EE68E&0&2011&13.12.2013&Latest",1,TRUE,""
2011,"GNGP","Persons","https://www.abs.gov.au/AUSSTATS/subscriber.nsf/log?openagent&Expanded%20CSF%20Data%20item%20list.xls&2037.0.30.001&Data%20Cubes&4D86558DCFA7A018CA257C3E000EE68E&0&2011&13.12.2013&Latest",1,TRUE,""
2011,"HCFMD","2011 Census Dictionary category table","https://www.abs.gov.au/ausstats/abs@.nsf/Lookup/2901.0Chapter4252011",2,TRUE,""
2011,"HCFMF","2011 Census Dictionary category table","https://www.abs.gov.au/ausstats/abs@.nsf/Lookup/2901.0Chapter4302011",2,TRUE,""
2011,"HEAP","2011 Census Dictionary category table","https://www.abs.gov.au/ausstats/abs@.nsf/Lookup/2901.0Chapter4402011",3,TRUE,""
2011,"HHCD","Dwelling classifications","https://www.abs.gov.au/AUSSTATS/subscriber.nsf/log?openagent&Expanded%20CSF%20Data%20item%20list.xls&2037.0.30.001&Data%20Cubes&4D86558DCFA7A018CA257C3E000EE68E&0&2011&13.12.2013&Latest",1,TRUE,""
2011,"HIDD","2011 Census Dictionary category table","https://www.abs.gov.au/ausstats/abs@.nsf/Lookup/2901.0Chapter4602011",1,TRUE,""
2011,"HIED","Dwelling classifications","https://www.abs.gov.au/AUSSTATS/subscriber.nsf/log?openagent&Expanded%20CSF%20Data%20item%20list.xls&2037.0.30.001&Data%20Cubes&4D86558DCFA7A018CA257C3E000EE68E&0&2011&13.12.2013&Latest",2,TRUE,""
2011,"HINASD","Dwelling classifications","https://www.abs.gov.au/AUSSTATS/subscriber.nsf/log?openagent&Expanded%20CSF%20Data%20item%20list.xls&2037.0.30.001&Data%20Cubes&4D86558DCFA7A018CA257C3E000EE68E&0&2011&13.12.2013&Latest",2,TRUE,""
2011,"HIND","Dwelling classifications","https://www.abs.gov.au/AUSSTATS/subscriber.nsf/log?openagent&Expanded%20CSF%20Data%20item%20list.xls&2037.0.30.001&Data%20Cubes&4D86558DCFA7A018CA257C3E000EE68E&0&2011&13.12.2013&Latest",2,TRUE,""
2011,"HRSP","Persons","https://www.abs.gov.au/AUSSTATS/subscriber.nsf/log?openagent&Expanded%20CSF%20Data%20item%20list.xls&2037.0.30.001&Data%20Cubes&4D86558DCFA7A018CA257C3E000EE68E&0&2011&13.12.2013&Latest",2,TRUE,""
2011,"HRWRP","2011 Census Dictionary category table","https://www.abs.gov.au/ausstats/abs@.nsf/Lookup/2901.0Chapter5102011",1,TRUE,""
2011,"HSCP","Persons","https://www.abs.gov.au/AUSSTATS/subscriber.nsf/log?openagent&Expanded%20CSF%20Data%20item%20list.xls&2037.0.30.001&Data%20Cubes&4D86558DCFA7A018CA257C3E000EE68E&0&2011&13.12.2013&Latest",1,TRUE,""
2011,"IFAGEP","2011 Census Dictionary category table","https://www.abs.gov.au/ausstats/abs@.nsf/Lookup/2901.0Chapter5302011",1,TRUE,""
2011,"IFMSTP","2011 Census Dictionary category table","https://www.abs.gov.au/ausstats/abs@.nsf/Lookup/2901.0Chapter5402011",1,TRUE,""
2011,"IFNMFD","2011 Census Dictionary category table","https://www.abs.gov.au/ausstats/abs@.nsf/Lookup/2901.0Chapter5502011",1,TRUE,""
2011,"IFPURP","2011 Census Dictionary category table","https://www.abs.gov.au/ausstats/abs@.nsf/Lookup/2901.0Chapter5602011",2,TRUE,""
2011,"INCP","Persons","https://www.abs.gov.au/AUSSTATS/subscriber.nsf/log?openagent&Expanded%20CSF%20Data%20item%20list.xls&2037.0.30.001&Data%20Cubes&4D86558DCFA7A018CA257C3E000EE68E&0&2011&13.12.2013&Latest",2,TRUE,""
2011,"INDP","Persons","https://www.abs.gov.au/AUSSTATS/subscriber.nsf/log?openagent&Expanded%20CSF%20Data%20item%20list.xls&2037.0.30.001&Data%20Cubes&4D86558DCFA7A018CA257C3E000EE68E&0&2011&13.12.2013&Latest",2,TRUE,""
2011,"INGDWTD","2011 Census Dictionary category table","https://www.abs.gov.au/ausstats/abs@.nsf/Lookup/2901.0Chapter5902011",1,TRUE,""
2011,"INGP","Persons","https://www.abs.gov.au/AUSSTATS/subscriber.nsf/log?openagent&Expanded%20CSF%20Data%20item%20list.xls&2037.0.30.001&Data%20Cubes&4D86558DCFA7A018CA257C3E000EE68E&0&2011&13.12.2013&Latest",1,TRUE,""
2011,"LANP","Persons","https://www.abs.gov.au/AUSSTATS/subscriber.nsf/log?openagent&Expanded%20CSF%20Data%20item%20list.xls&2037.0.30.001&Data%20Cubes&4D86558DCFA7A018CA257C3E000EE68E&0&2011&13.12.2013&Latest",2,TRUE,""
2011,"LFHRP","2011 Census Dictionary category table","https://www.abs.gov.au/ausstats/abs@.nsf/Lookup/2901.0Chapter6202011",1,TRUE,""
2011,"LFSF","2011 Census Dictionary category table","https://www.abs.gov.au/ausstats/abs@.nsf/Lookup/2901.0Chapter6302011",2,TRUE,""
2011,"LFSP","Persons","https://www.abs.gov.au/AUSSTATS/subscriber.nsf/log?openagent&Expanded%20CSF%20Data%20item%20list.xls&2037.0.30.001&Data%20Cubes&4D86558DCFA7A018CA257C3E000EE68E&0&2011&13.12.2013&Latest",1,TRUE,""
2011,"LLDD","Dwelling classifications","https://www.abs.gov.au/AUSSTATS/subscriber.nsf/log?openagent&Expanded%20CSF%20Data%20item%20list.xls&2037.0.30.001&Data%20Cubes&4D86558DCFA7A018CA257C3E000EE68E&0&2011&13.12.2013&Latest",2,TRUE,""
2011,"MDCP","Persons","https://www.abs.gov.au/AUSSTATS/subscriber.nsf/log?openagent&Expanded%20CSF%20Data%20item%20list.xls&2037.0.30.001&Data%20Cubes&4D86558DCFA7A018CA257C3E000EE68E&0&2011&13.12.2013&Latest",1,TRUE,""
2011,"MRED","2011 Census Dictionary category table","https://www.abs.gov.au/ausstats/abs@.nsf/Lookup/2901.0Chapter6632011",4,TRUE,""
2011,"MRERD","Dwelling classifications","https://www.abs.gov.au/AUSSTATS/subscriber.nsf/log?openagent&Expanded%20CSF%20Data%20item%20list.xls&2037.0.30.001&Data%20Cubes&4D86558DCFA7A018CA257C3E000EE68E&0&2011&13.12.2013&Latest",2,TRUE,""
2011,"MSTP","Persons","https://www.abs.gov.au/AUSSTATS/subscriber.nsf/log?openagent&Expanded%20CSF%20Data%20item%20list.xls&2037.0.30.001&Data%20Cubes&4D86558DCFA7A018CA257C3E000EE68E&0&2011&13.12.2013&Latest",1,TRUE,""
2011,"MTWP","Persons","https://www.abs.gov.au/AUSSTATS/subscriber.nsf/log?openagent&Expanded%20CSF%20Data%20item%20list.xls&2037.0.30.001&Data%20Cubes&4D86558DCFA7A018CA257C3E000EE68E&0&2011&13.12.2013&Latest",2,TRUE,""
2011,"MV1D","Dwelling classifications","https://www.abs.gov.au/AUSSTATS/subscriber.nsf/log?openagent&Expanded%20CSF%20Data%20item%20list.xls&2037.0.30.001&Data%20Cubes&4D86558DCFA7A018CA257C3E000EE68E&0&2011&13.12.2013&Latest",1,TRUE,""
2011,"MV5D","Dwelling classifications","https://www.abs.gov.au/AUSSTATS/subscriber.nsf/log?openagent&Expanded%20CSF%20Data%20item%20list.xls&2037.0.30.001&Data%20Cubes&4D86558DCFA7A018CA257C3E000EE68E&0&2011&13.12.2013&Latest",1,TRUE,""
2011,"NEDD","Dwelling classifications","https://www.abs.gov.au/AUSSTATS/subscriber.nsf/log?openagent&Expanded%20CSF%20Data%20item%20list.xls&2037.0.30.001&Data%20Cubes&4D86558DCFA7A018CA257C3E000EE68E&0&2011&13.12.2013&Latest",1,TRUE,""
2011,"NPDD","2011 Census Dictionary category table","https://www.abs.gov.au/ausstats/abs@.nsf/Lookup/2901.0Chapter7402011",2,TRUE,""
2011,"NPRD","Dwelling classifications","https://www.abs.gov.au/AUSSTATS/subscriber.nsf/log?openagent&Expanded%20CSF%20Data%20item%20list.xls&2037.0.30.001&Data%20Cubes&4D86558DCFA7A018CA257C3E000EE68E&0&2011&13.12.2013&Latest",1,TRUE,""
2011,"OCCP","Persons","https://www.abs.gov.au/AUSSTATS/subscriber.nsf/log?openagent&Expanded%20CSF%20Data%20item%20list.xls&2037.0.30.001&Data%20Cubes&4D86558DCFA7A018CA257C3E000EE68E&0&2011&13.12.2013&Latest",2,TRUE,""
2011,"QALFP","Persons","https://www.abs.gov.au/AUSSTATS/subscriber.nsf/log?openagent&Expanded%20CSF%20Data%20item%20list.xls&2037.0.30.001&Data%20Cubes&4D86558DCFA7A018CA257C3E000EE68E&0&2011&13.12.2013&Latest",2,TRUE,""
2011,"QALLP","Persons","https://www.abs.gov.au/AUSSTATS/subscriber.nsf/log?openagent&Expanded%20CSF%20Data%20item%20list.xls&2037.0.30.001&Data%20Cubes&4D86558DCFA7A018CA257C3E000EE68E&0&2011&13.12.2013&Latest",1,TRUE,""
2011,"RELP","Persons","https://www.abs.gov.au/AUSSTATS/subscriber.nsf/log?openagent&Expanded%20CSF%20Data%20item%20list.xls&2037.0.30.001&Data%20Cubes&4D86558DCFA7A018CA257C3E000EE68E&0&2011&13.12.2013&Latest",2,TRUE,""
2011,"RLCP","2011 Census Dictionary category table","https://www.abs.gov.au/ausstats/abs@.nsf/Lookup/2901.0Chapter8402011",1,TRUE,""
2011,"RLGP","2011 Census Dictionary category table","https://www.abs.gov.au/ausstats/abs@.nsf/Lookup/2901.0Chapter8502011",2,TRUE,""
2011,"RLHP","Persons","https://www.abs.gov.au/AUSSTATS/subscriber.nsf/log?openagent&Expanded%20CSF%20Data%20item%20list.xls&2037.0.30.001&Data%20Cubes&4D86558DCFA7A018CA257C3E000EE68E&0&2011&13.12.2013&Latest",2,TRUE,""
2011,"RLNP","2011 Census Dictionary category table","https://www.abs.gov.au/ausstats/abs@.nsf/Lookup/2901.0Chapter8702011",1,TRUE,""
2011,"RNTD","2011 Census Dictionary category table","https://www.abs.gov.au/ausstats/abs@.nsf/Lookup/2901.0Chapter8802011",4,TRUE,""
2011,"RNTRD","Dwelling classifications","https://www.abs.gov.au/AUSSTATS/subscriber.nsf/log?openagent&Expanded%20CSF%20Data%20item%20list.xls&2037.0.30.001&Data%20Cubes&4D86558DCFA7A018CA257C3E000EE68E&0&2011&13.12.2013&Latest",2,TRUE,""
2011,"RPIP","Persons","https://www.abs.gov.au/AUSSTATS/subscriber.nsf/log?openagent&Expanded%20CSF%20Data%20item%20list.xls&2037.0.30.001&Data%20Cubes&4D86558DCFA7A018CA257C3E000EE68E&0&2011&13.12.2013&Latest",1,TRUE,""
2011,"SA1UCD","","https://www.abs.gov.au/AUSSTATS/subscriber.nsf/log?openagent&Expanded%20CSF%20Data%20item%20list.xls&2037.0.30.001&Data%20Cubes&4D86558DCFA7A018CA257C3E000EE68E&0&2011&13.12.2013&Latest",,FALSE,"not_enumerated_in_official_source"
2011,"SA1UCP","","https://www.abs.gov.au/AUSSTATS/subscriber.nsf/log?openagent&Expanded%20CSF%20Data%20item%20list.xls&2037.0.30.001&Data%20Cubes&4D86558DCFA7A018CA257C3E000EE68E&0&2011&13.12.2013&Latest",,FALSE,"not_enumerated_in_official_source"
2011,"SA2U1P","","https://www.abs.gov.au/AUSSTATS/subscriber.nsf/log?openagent&Expanded%20CSF%20Data%20item%20list.xls&2037.0.30.001&Data%20Cubes&4D86558DCFA7A018CA257C3E000EE68E&0&2011&13.12.2013&Latest",,FALSE,"not_enumerated_in_official_source"
2011,"SA2U5P","","https://www.abs.gov.au/AUSSTATS/subscriber.nsf/log?openagent&Expanded%20CSF%20Data%20item%20list.xls&2037.0.30.001&Data%20Cubes&4D86558DCFA7A018CA257C3E000EE68E&0&2011&13.12.2013&Latest",,FALSE,"not_enumerated_in_official_source"
2011,"SA2UCD","","https://www.abs.gov.au/AUSSTATS/subscriber.nsf/log?openagent&Expanded%20CSF%20Data%20item%20list.xls&2037.0.30.001&Data%20Cubes&4D86558DCFA7A018CA257C3E000EE68E&0&2011&13.12.2013&Latest",,FALSE,"not_enumerated_in_official_source"
2011,"SA2UCP","","https://www.abs.gov.au/AUSSTATS/subscriber.nsf/log?openagent&Expanded%20CSF%20Data%20item%20list.xls&2037.0.30.001&Data%20Cubes&4D86558DCFA7A018CA257C3E000EE68E&0&2011&13.12.2013&Latest",,FALSE,"not_enumerated_in_official_source"
2011,"SA2WKADP","","https://www.abs.gov.au/AUSSTATS/subscriber.nsf/log?openagent&Expanded%20CSF%20Data%20item%20list.xls&2037.0.30.001&Data%20Cubes&4D86558DCFA7A018CA257C3E000EE68E&0&2011&13.12.2013&Latest",,FALSE,"not_enumerated_in_official_source"
2011,"SA3UCD","","https://www.abs.gov.au/AUSSTATS/subscriber.nsf/log?openagent&Expanded%20CSF%20Data%20item%20list.xls&2037.0.30.001&Data%20Cubes&4D86558DCFA7A018CA257C3E000EE68E&0&2011&13.12.2013&Latest",,FALSE,"not_enumerated_in_official_source"
2011,"SA3UCP","","https://www.abs.gov.au/AUSSTATS/subscriber.nsf/log?openagent&Expanded%20CSF%20Data%20item%20list.xls&2037.0.30.001&Data%20Cubes&4D86558DCFA7A018CA257C3E000EE68E&0&2011&13.12.2013&Latest",,FALSE,"not_enumerated_in_official_source"
2011,"SA4UCD","","https://www.abs.gov.au/AUSSTATS/subscriber.nsf/log?openagent&Expanded%20CSF%20Data%20item%20list.xls&2037.0.30.001&Data%20Cubes&4D86558DCFA7A018CA257C3E000EE68E&0&2011&13.12.2013&Latest",,FALSE,"not_enumerated_in_official_source"
2011,"SA4UCP","","https://www.abs.gov.au/AUSSTATS/subscriber.nsf/log?openagent&Expanded%20CSF%20Data%20item%20list.xls&2037.0.30.001&Data%20Cubes&4D86558DCFA7A018CA257C3E000EE68E&0&2011&13.12.2013&Latest",,FALSE,"not_enumerated_in_official_source"
2011,"SAFD","2011 Census Dictionary category table","https://www.abs.gov.au/ausstats/abs@.nsf/Lookup/2901.0Chapter9052011",1,TRUE,""
2011,"SEXP","Persons","https://www.abs.gov.au/AUSSTATS/subscriber.nsf/log?openagent&Expanded%20CSF%20Data%20item%20list.xls&2037.0.30.001&Data%20Cubes&4D86558DCFA7A018CA257C3E000EE68E&0&2011&13.12.2013&Latest",1,TRUE,""
2011,"SLPP","2011 Census Dictionary category table","https://www.abs.gov.au/ausstats/abs@.nsf/Lookup/2901.0Chapter9202011",1,TRUE,""
2011,"SPLF","2011 Census Dictionary category table","https://www.abs.gov.au/ausstats/abs@.nsf/Lookup/2901.0Chapter9302011",1,TRUE,""
2011,"SSCF","2011 Census Dictionary category table","https://www.abs.gov.au/ausstats/abs@.nsf/Lookup/2901.0Chapter9402011",1,TRUE,""
2011,"STEU1P","","https://www.abs.gov.au/AUSSTATS/subscriber.nsf/log?openagent&Expanded%20CSF%20Data%20item%20list.xls&2037.0.30.001&Data%20Cubes&4D86558DCFA7A018CA257C3E000EE68E&0&2011&13.12.2013&Latest",,FALSE,"not_enumerated_in_official_source"
2011,"STEU5P","","https://www.abs.gov.au/AUSSTATS/subscriber.nsf/log?openagent&Expanded%20CSF%20Data%20item%20list.xls&2037.0.30.001&Data%20Cubes&4D86558DCFA7A018CA257C3E000EE68E&0&2011&13.12.2013&Latest",,FALSE,"not_enumerated_in_official_source"
2011,"STEUCD","","https://www.abs.gov.au/AUSSTATS/subscriber.nsf/log?openagent&Expanded%20CSF%20Data%20item%20list.xls&2037.0.30.001&Data%20Cubes&4D86558DCFA7A018CA257C3E000EE68E&0&2011&13.12.2013&Latest",,FALSE,"not_enumerated_in_official_source"
2011,"STEUCP","","https://www.abs.gov.au/AUSSTATS/subscriber.nsf/log?openagent&Expanded%20CSF%20Data%20item%20list.xls&2037.0.30.001&Data%20Cubes&4D86558DCFA7A018CA257C3E000EE68E&0&2011&13.12.2013&Latest",,FALSE,"not_enumerated_in_official_source"
2011,"STEWKADP","","https://www.abs.gov.au/AUSSTATS/subscriber.nsf/log?openagent&Expanded%20CSF%20Data%20item%20list.xls&2037.0.30.001&Data%20Cubes&4D86558DCFA7A018CA257C3E000EE68E&0&2011&13.12.2013&Latest",,FALSE,"not_enumerated_in_official_source"
2011,"STRD","Dwelling classifications","https://www.abs.gov.au/AUSSTATS/subscriber.nsf/log?openagent&Expanded%20CSF%20Data%20item%20list.xls&2037.0.30.001&Data%20Cubes&4D86558DCFA7A018CA257C3E000EE68E&0&2011&13.12.2013&Latest",2,TRUE,""
2011,"STUP","Persons","https://www.abs.gov.au/AUSSTATS/subscriber.nsf/log?openagent&Expanded%20CSF%20Data%20item%20list.xls&2037.0.30.001&Data%20Cubes&4D86558DCFA7A018CA257C3E000EE68E&0&2011&13.12.2013&Latest",1,TRUE,""
2011,"SXFP","","https://www.abs.gov.au/AUSSTATS/subscriber.nsf/log?openagent&Expanded%20CSF%20Data%20item%20list.xls&2037.0.30.001&Data%20Cubes&4D86558DCFA7A018CA257C3E000EE68E&0&2011&13.12.2013&Latest",,FALSE,"not_enumerated_in_official_source"
2011,"TEND","Dwelling classifications","https://www.abs.gov.au/AUSSTATS/subscriber.nsf/log?openagent&Expanded%20CSF%20Data%20item%20list.xls&2037.0.30.001&Data%20Cubes&4D86558DCFA7A018CA257C3E000EE68E&0&2011&13.12.2013&Latest",1,TRUE,""
2011,"TENLLD","2011 Census Dictionary category table","https://www.abs.gov.au/ausstats/abs@.nsf/Lookup/2901.0Chapter9802011",1,TRUE,""
2011,"TISP","Persons","https://www.abs.gov.au/AUSSTATS/subscriber.nsf/log?openagent&Expanded%20CSF%20Data%20item%20list.xls&2037.0.30.001&Data%20Cubes&4D86558DCFA7A018CA257C3E000EE68E&0&2011&13.12.2013&Latest",1,TRUE,""
2011,"TISRP","2011 Census Dictionary category table","https://www.abs.gov.au/ausstats/abs@.nsf/Lookup/2901.0Chapter10002011",1,TRUE,""
2011,"TYPP","Persons","https://www.abs.gov.au/AUSSTATS/subscriber.nsf/log?openagent&Expanded%20CSF%20Data%20item%20list.xls&2037.0.30.001&Data%20Cubes&4D86558DCFA7A018CA257C3E000EE68E&0&2011&13.12.2013&Latest",2,TRUE,""
2011,"TYSTAP","2011 Census Dictionary category table","https://www.abs.gov.au/ausstats/abs@.nsf/Lookup/2901.0Chapter10202011",2,TRUE,""
2011,"UAI1P","Persons","https://www.abs.gov.au/AUSSTATS/subscriber.nsf/log?openagent&Expanded%20CSF%20Data%20item%20list.xls&2037.0.30.001&Data%20Cubes&4D86558DCFA7A018CA257C3E000EE68E&0&2011&13.12.2013&Latest",1,TRUE,""
2011,"UAI5P","Persons","https://www.abs.gov.au/AUSSTATS/subscriber.nsf/log?openagent&Expanded%20CSF%20Data%20item%20list.xls&2037.0.30.001&Data%20Cubes&4D86558DCFA7A018CA257C3E000EE68E&0&2011&13.12.2013&Latest",1,TRUE,""
2011,"UAICP","Persons","https://www.abs.gov.au/AUSSTATS/subscriber.nsf/log?openagent&Expanded%20CSF%20Data%20item%20list.xls&2037.0.30.001&Data%20Cubes&4D86558DCFA7A018CA257C3E000EE68E&0&2011&13.12.2013&Latest",1,TRUE,""
2011,"UNCAREP","Persons","https://www.abs.gov.au/AUSSTATS/subscriber.nsf/log?openagent&Expanded%20CSF%20Data%20item%20list.xls&2037.0.30.001&Data%20Cubes&4D86558DCFA7A018CA257C3E000EE68E&0&2011&13.12.2013&Latest",1,TRUE,""
2011,"VEHD","2011 Census Dictionary category table","https://www.abs.gov.au/ausstats/abs@.nsf/Lookup/2901.0Chapter10702011",2,TRUE,""
2011,"VEHRD","Dwelling classifications","https://www.abs.gov.au/AUSSTATS/subscriber.nsf/log?openagent&Expanded%20CSF%20Data%20item%20list.xls&2037.0.30.001&Data%20Cubes&4D86558DCFA7A018CA257C3E000EE68E&0&2011&13.12.2013&Latest",1,TRUE,""
2011,"VOLWP","Persons","https://www.abs.gov.au/AUSSTATS/subscriber.nsf/log?openagent&Expanded%20CSF%20Data%20item%20list.xls&2037.0.30.001&Data%20Cubes&4D86558DCFA7A018CA257C3E000EE68E&0&2011&13.12.2013&Latest",1,TRUE,""
2011,"YARP","Persons","https://www.abs.gov.au/AUSSTATS/subscriber.nsf/log?openagent&Expanded%20CSF%20Data%20item%20list.xls&2037.0.30.001&Data%20Cubes&4D86558DCFA7A018CA257C3E000EE68E&0&2011&13.12.2013&Latest",2,TRUE,""
2011,"YARRP","2011 Census Dictionary category table","https://www.abs.gov.au/ausstats/abs@.nsf/Lookup/2901.0Chapter11002011",1,TRUE,""
2016,"AGEP","Persons classifications","https://www.abs.gov.au/statistics/microdata-tablebuilder/available-microdata-tablebuilder/census-population-and-housing/data%20item%20list%20-%205%20percent%20detailed%20microdata.xls",3,TRUE,""
2016,"ANC1P","Persons classifications","https://www.abs.gov.au/statistics/microdata-tablebuilder/available-microdata-tablebuilder/census-population-and-housing/data%20item%20list%20-%205%20percent%20detailed%20microdata.xls",5,TRUE,""
2016,"ANC2P","Persons classifications","https://www.abs.gov.au/statistics/microdata-tablebuilder/available-microdata-tablebuilder/census-population-and-housing/data%20item%20list%20-%205%20percent%20detailed%20microdata.xls",5,TRUE,""
2016,"ASSNP","Persons classifications","https://www.abs.gov.au/statistics/microdata-tablebuilder/available-microdata-tablebuilder/census-population-and-housing/data%20item%20list%20-%205%20percent%20detailed%20microdata.xls",2,TRUE,""
2016,"BEDD","2016 Census Dictionary category table","https://www.abs.gov.au/ausstats/abs@.nsf/Lookup/2901.0Chapter802016",2,TRUE,""
2016,"BEDRD","Dwelling classifications","https://www.abs.gov.au/statistics/microdata-tablebuilder/available-microdata-tablebuilder/census-population-and-housing/data%20item%20list%20-%205%20percent%20detailed%20microdata.xls",2,TRUE,""
2016,"BPFP","Persons classifications","https://www.abs.gov.au/statistics/microdata-tablebuilder/available-microdata-tablebuilder/census-population-and-housing/data%20item%20list%20-%205%20percent%20detailed%20microdata.xls",5,TRUE,""
2016,"BPLP","Persons classifications","https://www.abs.gov.au/statistics/microdata-tablebuilder/available-microdata-tablebuilder/census-population-and-housing/data%20item%20list%20-%205%20percent%20detailed%20microdata.xls",5,TRUE,""
2016,"BPMP","Persons classifications","https://www.abs.gov.au/statistics/microdata-tablebuilder/available-microdata-tablebuilder/census-population-and-housing/data%20item%20list%20-%205%20percent%20detailed%20microdata.xls",5,TRUE,""
2016,"BPPP","2016 Census Dictionary category table","https://www.abs.gov.au/ausstats/abs@.nsf/Lookup/2901.0Chapter1302016",1,TRUE,""
2016,"CACF","2016 Census Dictionary category table","https://www.abs.gov.au/ausstats/abs@.nsf/Lookup/2901.0Chapter1402016",1,TRUE,""
2016,"CDCAF","2016 Census Dictionary category table","https://www.abs.gov.au/ausstats/abs@.nsf/Lookup/2901.0Chapter1502016",1,TRUE,""
2016,"CDCF","2016 Census Dictionary category table","https://www.abs.gov.au/ausstats/abs@.nsf/Lookup/2901.0Chapter1602016",2,TRUE,""
2016,"CDSAF","2016 Census Dictionary category table","https://www.abs.gov.au/ausstats/abs@.nsf/Lookup/2901.0Chapter1702016",1,TRUE,""
2016,"CHCAREP","Persons classifications","https://www.abs.gov.au/statistics/microdata-tablebuilder/available-microdata-tablebuilder/census-population-and-housing/data%20item%20list%20-%205%20percent%20detailed%20microdata.xls",2,TRUE,""
2016,"CITP","Persons classifications","https://www.abs.gov.au/statistics/microdata-tablebuilder/available-microdata-tablebuilder/census-population-and-housing/data%20item%20list%20-%205%20percent%20detailed%20microdata.xls",2,TRUE,""
2016,"CNDAF","2016 Census Dictionary category table","https://www.abs.gov.au/ausstats/abs@.nsf/Lookup/2901.0Chapter2002016",1,TRUE,""
2016,"CNDCF","2016 Census Dictionary category table","https://www.abs.gov.au/ausstats/abs@.nsf/Lookup/2901.0Chapter2102016",2,TRUE,""
2016,"CPAD","2016 Census Dictionary category table","https://www.abs.gov.au/ausstats/abs@.nsf/Lookup/2901.0Chapter2202016",1,TRUE,""
2016,"CPAF","2016 Census Dictionary category table","https://www.abs.gov.au/ausstats/abs@.nsf/Lookup/2901.0Chapter2302016",1,TRUE,""
2016,"CPRF","2016 Census Dictionary category table","https://www.abs.gov.au/ausstats/abs@.nsf/Lookup/2901.0Chapter2402016",1,TRUE,""
2016,"CTGP","2016 Census Dictionary category table","https://www.abs.gov.au/ausstats/abs@.nsf/Lookup/2901.0Chapter2502016",1,TRUE,""
2016,"CTPP","Persons classifications","https://www.abs.gov.au/statistics/microdata-tablebuilder/available-microdata-tablebuilder/census-population-and-housing/data%20item%20list%20-%205%20percent%20detailed%20microdata.xls",2,TRUE,""
2016,"DLOD","2016 Census Dictionary category table","https://www.abs.gov.au/ausstats/abs@.nsf/Lookup/2901.0Chapter2702016",1,TRUE,""
2016,"DOBMP","","https://www.abs.gov.au/statistics/microdata-tablebuilder/available-microdata-tablebuilder/census-population-and-housing/data%20item%20list%20-%205%20percent%20detailed%20microdata.xls",,FALSE,"not_enumerated_in_official_source"
2016,"DOBYP","","https://www.abs.gov.au/statistics/microdata-tablebuilder/available-microdata-tablebuilder/census-population-and-housing/data%20item%20list%20-%205%20percent%20detailed%20microdata.xls",,FALSE,"not_enumerated_in_official_source"
2016,"DOMP","Persons classifications","https://www.abs.gov.au/statistics/microdata-tablebuilder/available-microdata-tablebuilder/census-population-and-housing/data%20item%20list%20-%205%20percent%20detailed%20microdata.xls",2,TRUE,""
2016,"DWELLING_ID","","https://www.abs.gov.au/statistics/microdata-tablebuilder/available-microdata-tablebuilder/census-population-and-housing/data%20item%20list%20-%205%20percent%20detailed%20microdata.xls",,FALSE,"not_enumerated_in_official_source"
2016,"DWTD","Dwelling classifications","https://www.abs.gov.au/statistics/microdata-tablebuilder/available-microdata-tablebuilder/census-population-and-housing/data%20item%20list%20-%205%20percent%20detailed%20microdata.xls",1,TRUE,""
2016,"EETP","2016 Census Dictionary category table","https://www.abs.gov.au/ausstats/abs@.nsf/Lookup/2901.0Chapter2952016",1,TRUE,""
2016,"EMPP","Persons classifications","https://www.abs.gov.au/statistics/microdata-tablebuilder/available-microdata-tablebuilder/census-population-and-housing/data%20item%20list%20-%205%20percent%20detailed%20microdata.xls",2,TRUE,""
2016,"ENGLP","2016 Census Dictionary category table","https://www.abs.gov.au/ausstats/abs@.nsf/Lookup/2901.0Chapter3202016",1,TRUE,""
2016,"ENGP","Persons classifications","https://www.abs.gov.au/statistics/microdata-tablebuilder/available-microdata-tablebuilder/census-population-and-housing/data%20item%20list%20-%205%20percent%20detailed%20microdata.xls",2,TRUE,""
2016,"FAMILY_ID","","https://www.abs.gov.au/statistics/microdata-tablebuilder/available-microdata-tablebuilder/census-population-and-housing/data%20item%20list%20-%205%20percent%20detailed%20microdata.xls",,FALSE,"not_enumerated_in_official_source"
2016,"FBLF","2016 Census Dictionary category table","https://www.abs.gov.au/ausstats/abs@.nsf/Lookup/2901.0Chapter3402016",1,TRUE,""
2016,"FIDF","2016 Census Dictionary category table","https://www.abs.gov.au/ausstats/abs@.nsf/Lookup/2901.0Chapter3502016",1,TRUE,""
2016,"FINASF","Family classifications","https://www.abs.gov.au/statistics/microdata-tablebuilder/available-microdata-tablebuilder/census-population-and-housing/data%20item%20list%20-%205%20percent%20detailed%20microdata.xls",3,TRUE,""
2016,"FINF","2016 Census Dictionary category table","https://www.abs.gov.au/ausstats/abs@.nsf/Lookup/2901.0Chapter3702016",2,TRUE,""
2016,"FMCF","Family classifications","https://www.abs.gov.au/statistics/microdata-tablebuilder/available-microdata-tablebuilder/census-population-and-housing/data%20item%20list%20-%205%20percent%20detailed%20microdata.xls",5,TRUE,""
2016,"FMGF","2016 Census Dictionary category table","https://www.abs.gov.au/ausstats/abs@.nsf/Lookup/2901.0Chapter3902016",2,TRUE,""
2016,"FNOF","Family classifications","https://www.abs.gov.au/statistics/microdata-tablebuilder/available-microdata-tablebuilder/census-population-and-housing/data%20item%20list%20-%205%20percent%20detailed%20microdata.xls",2,TRUE,""
2016,"FRLF","Family classifications","https://www.abs.gov.au/statistics/microdata-tablebuilder/available-microdata-tablebuilder/census-population-and-housing/data%20item%20list%20-%205%20percent%20detailed%20microdata.xls",2,TRUE,""
2016,"FTPP","Persons classifications","https://www.abs.gov.au/statistics/microdata-tablebuilder/available-microdata-tablebuilder/census-population-and-housing/data%20item%20list%20-%205%20percent%20detailed%20microdata.xls",1,TRUE,""
2016,"GNGP","Persons classifications","https://www.abs.gov.au/statistics/microdata-tablebuilder/available-microdata-tablebuilder/census-population-and-housing/data%20item%20list%20-%205%20percent%20detailed%20microdata.xls",2,TRUE,""
2016,"HCFMD","2016 Census Dictionary category table","https://www.abs.gov.au/ausstats/abs@.nsf/Lookup/2901.0Chapter4252016",2,TRUE,""
2016,"HCFMF","2016 Census Dictionary category table","https://www.abs.gov.au/ausstats/abs@.nsf/Lookup/2901.0Chapter4302016",2,TRUE,""
2016,"HEAP","Persons classifications","https://www.abs.gov.au/statistics/microdata-tablebuilder/available-microdata-tablebuilder/census-population-and-housing/data%20item%20list%20-%205%20percent%20detailed%20microdata.xls",4,TRUE,""
2016,"HHCD","Dwelling classifications","https://www.abs.gov.au/statistics/microdata-tablebuilder/available-microdata-tablebuilder/census-population-and-housing/data%20item%20list%20-%205%20percent%20detailed%20microdata.xls",4,TRUE,""
2016,"HIDD","2016 Census Dictionary category table","https://www.abs.gov.au/ausstats/abs@.nsf/Lookup/2901.0Chapter4602016",1,TRUE,""
2016,"HIED","Dwelling classifications","https://www.abs.gov.au/statistics/microdata-tablebuilder/available-microdata-tablebuilder/census-population-and-housing/data%20item%20list%20-%205%20percent%20detailed%20microdata.xls",3,TRUE,""
2016,"HINASD","Dwelling classifications","https://www.abs.gov.au/statistics/microdata-tablebuilder/available-microdata-tablebuilder/census-population-and-housing/data%20item%20list%20-%205%20percent%20detailed%20microdata.xls",3,TRUE,""
2016,"HIND","Dwelling classifications","https://www.abs.gov.au/statistics/microdata-tablebuilder/available-microdata-tablebuilder/census-population-and-housing/data%20item%20list%20-%205%20percent%20detailed%20microdata.xls",3,TRUE,""
2016,"HOSD","","https://www.abs.gov.au/statistics/microdata-tablebuilder/available-microdata-tablebuilder/census-population-and-housing/data%20item%20list%20-%205%20percent%20detailed%20microdata.xls",,FALSE,"not_enumerated_in_official_source"
2016,"HRSP","Persons classifications","https://www.abs.gov.au/statistics/microdata-tablebuilder/available-microdata-tablebuilder/census-population-and-housing/data%20item%20list%20-%205%20percent%20detailed%20microdata.xls",3,TRUE,""
2016,"HRWRP","2016 Census Dictionary category table","https://www.abs.gov.au/ausstats/abs@.nsf/Lookup/2901.0Chapter5102016",1,TRUE,""
2016,"HSCP","Persons classifications","https://www.abs.gov.au/statistics/microdata-tablebuilder/available-microdata-tablebuilder/census-population-and-housing/data%20item%20list%20-%205%20percent%20detailed%20microdata.xls",2,TRUE,""
2016,"IFAGEP","2016 Census Dictionary category table","https://www.abs.gov.au/ausstats/abs@.nsf/Lookup/2901.0Chapter5302016",1,TRUE,""
2016,"IFMSTP","2016 Census Dictionary category table","https://www.abs.gov.au/ausstats/abs@.nsf/Lookup/2901.0Chapter5402016",1,TRUE,""
2016,"IFNMFD","2016 Census Dictionary category table","https://www.abs.gov.au/ausstats/abs@.nsf/Lookup/2901.0Chapter5502016",1,TRUE,""
2016,"IFPOWP","2016 Census Dictionary category table","https://www.abs.gov.au/ausstats/abs@.nsf/Lookup/2901.0Chapter5552016",1,TRUE,""
2016,"IFPURP","2016 Census Dictionary category table","https://www.abs.gov.au/ausstats/abs@.nsf/Lookup/2901.0Chapter5602016",2,TRUE,""
2016,"IFSEXP","2016 Census Dictionary category table","https://www.abs.gov.au/ausstats/abs@.nsf/Lookup/2901.0Chapter5652016",2,TRUE,""
2016,"IMPSA2WKADP","","https://www.abs.gov.au/statistics/microdata-tablebuilder/available-microdata-tablebuilder/census-population-and-housing/data%20item%20list%20-%205%20percent%20detailed%20microdata.xls",,FALSE,"not_enumerated_in_official_source"
2016,"IMPSTEWKADP","","https://www.abs.gov.au/statistics/microdata-tablebuilder/available-microdata-tablebuilder/census-population-and-housing/data%20item%20list%20-%205%20percent%20detailed%20microdata.xls",,FALSE,"not_enumerated_in_official_source"
2016,"INCP","Persons classifications","https://www.abs.gov.au/statistics/microdata-tablebuilder/available-microdata-tablebuilder/census-population-and-housing/data%20item%20list%20-%205%20percent%20detailed%20microdata.xls",3,TRUE,""
2016,"INDP","Persons classifications","https://www.abs.gov.au/statistics/microdata-tablebuilder/available-microdata-tablebuilder/census-population-and-housing/data%20item%20list%20-%205%20percent%20detailed%20microdata.xls",5,TRUE,""
2016,"INGDWTD","Dwelling classifications","https://www.abs.gov.au/statistics/microdata-tablebuilder/available-microdata-tablebuilder/census-population-and-housing/data%20item%20list%20-%205%20percent%20detailed%20microdata.xls",2,TRUE,""
2016,"INGP","Persons classifications","https://www.abs.gov.au/statistics/microdata-tablebuilder/available-microdata-tablebuilder/census-population-and-housing/data%20item%20list%20-%205%20percent%20detailed%20microdata.xls",2,TRUE,""
2016,"LANP","Persons classifications","https://www.abs.gov.au/statistics/microdata-tablebuilder/available-microdata-tablebuilder/census-population-and-housing/data%20item%20list%20-%205%20percent%20detailed%20microdata.xls",5,TRUE,""
2016,"LFHRP","2016 Census Dictionary category table","https://www.abs.gov.au/ausstats/abs@.nsf/Lookup/2901.0Chapter6202016",1,TRUE,""
2016,"LFSF","2016 Census Dictionary category table","https://www.abs.gov.au/ausstats/abs@.nsf/Lookup/2901.0Chapter6302016",2,TRUE,""
2016,"LFSP","Persons classifications","https://www.abs.gov.au/statistics/microdata-tablebuilder/available-microdata-tablebuilder/census-population-and-housing/data%20item%20list%20-%205%20percent%20detailed%20microdata.xls",2,TRUE,""
2016,"LLDD","Dwelling classifications","https://www.abs.gov.au/statistics/microdata-tablebuilder/available-microdata-tablebuilder/census-population-and-housing/data%20item%20list%20-%205%20percent%20detailed%20microdata.xls",3,TRUE,""
2016,"MDCP","Persons classifications","https://www.abs.gov.au/statistics/microdata-tablebuilder/available-microdata-tablebuilder/census-population-and-housing/data%20item%20list%20-%205%20percent%20detailed%20microdata.xls",2,TRUE,""
2016,"MRED","2016 Census Dictionary category table","https://www.abs.gov.au/ausstats/abs@.nsf/Lookup/2901.0Chapter6632016",4,TRUE,""
2016,"MRERD","Dwelling classifications","https://www.abs.gov.au/statistics/microdata-tablebuilder/available-microdata-tablebuilder/census-population-and-housing/data%20item%20list%20-%205%20percent%20detailed%20microdata.xls",3,TRUE,""
2016,"MSTP","Persons classifications","https://www.abs.gov.au/statistics/microdata-tablebuilder/available-microdata-tablebuilder/census-population-and-housing/data%20item%20list%20-%205%20percent%20detailed%20microdata.xls",2,TRUE,""
2016,"MTWP","Persons classifications","https://www.abs.gov.au/statistics/microdata-tablebuilder/available-microdata-tablebuilder/census-population-and-housing/data%20item%20list%20-%205%20percent%20detailed%20microdata.xls",4,TRUE,""
2016,"MV1D","Dwelling classifications","https://www.abs.gov.au/statistics/microdata-tablebuilder/available-microdata-tablebuilder/census-population-and-housing/data%20item%20list%20-%205%20percent%20detailed%20microdata.xls",2,TRUE,""
2016,"MV5D","Dwelling classifications","https://www.abs.gov.au/statistics/microdata-tablebuilder/available-microdata-tablebuilder/census-population-and-housing/data%20item%20list%20-%205%20percent%20detailed%20microdata.xls",2,TRUE,""
2016,"NEDD","Dwelling classifications","https://www.abs.gov.au/statistics/microdata-tablebuilder/available-microdata-tablebuilder/census-population-and-housing/data%20item%20list%20-%205%20percent%20detailed%20microdata.xls",2,TRUE,""
2016,"NPDD","Dwelling classifications","https://www.abs.gov.au/statistics/microdata-tablebuilder/available-microdata-tablebuilder/census-population-and-housing/data%20item%20list%20-%205%20percent%20detailed%20microdata.xls",3,TRUE,""
2016,"NPRD","Dwelling classifications","https://www.abs.gov.au/statistics/microdata-tablebuilder/available-microdata-tablebuilder/census-population-and-housing/data%20item%20list%20-%205%20percent%20detailed%20microdata.xls",2,TRUE,""
2016,"OCCP","Persons classifications","https://www.abs.gov.au/statistics/microdata-tablebuilder/available-microdata-tablebuilder/census-population-and-housing/data%20item%20list%20-%205%20percent%20detailed%20microdata.xls",5,TRUE,""
2016,"PUR1P","Persons classifications","https://www.abs.gov.au/statistics/microdata-tablebuilder/available-microdata-tablebuilder/census-population-and-housing/data%20item%20list%20-%205%20percent%20detailed%20microdata.xls",38,TRUE,""
2016,"PUR5P","Persons classifications","https://www.abs.gov.au/statistics/microdata-tablebuilder/available-microdata-tablebuilder/census-population-and-housing/data%20item%20list%20-%205%20percent%20detailed%20microdata.xls",38,TRUE,""
2016,"QALFP","Persons classifications","https://www.abs.gov.au/statistics/microdata-tablebuilder/available-microdata-tablebuilder/census-population-and-housing/data%20item%20list%20-%205%20percent%20detailed%20microdata.xls",7,TRUE,""
2016,"QALLP","Persons classifications","https://www.abs.gov.au/statistics/microdata-tablebuilder/available-microdata-tablebuilder/census-population-and-housing/data%20item%20list%20-%205%20percent%20detailed%20microdata.xls",4,TRUE,""
2016,"RAP","","https://www.abs.gov.au/statistics/microdata-tablebuilder/available-microdata-tablebuilder/census-population-and-housing/data%20item%20list%20-%205%20percent%20detailed%20microdata.xls",,FALSE,"not_enumerated_in_official_source"
2016,"RELP","Persons classifications","https://www.abs.gov.au/statistics/microdata-tablebuilder/available-microdata-tablebuilder/census-population-and-housing/data%20item%20list%20-%205%20percent%20detailed%20microdata.xls",5,TRUE,""
2016,"RLCP","2016 Census Dictionary category table","https://www.abs.gov.au/ausstats/abs@.nsf/Lookup/2901.0Chapter8402016",1,TRUE,""
2016,"RLGP","2016 Census Dictionary category table","https://www.abs.gov.au/ausstats/abs@.nsf/Lookup/2901.0Chapter8502016",2,TRUE,""
2016,"RLHP","Persons classifications","https://www.abs.gov.au/statistics/microdata-tablebuilder/available-microdata-tablebuilder/census-population-and-housing/data%20item%20list%20-%205%20percent%20detailed%20microdata.xls",3,TRUE,""
2016,"RLNP","2016 Census Dictionary category table","https://www.abs.gov.au/ausstats/abs@.nsf/Lookup/2901.0Chapter8702016",1,TRUE,""
2016,"RNTD","2016 Census Dictionary category table","https://www.abs.gov.au/ausstats/abs@.nsf/Lookup/2901.0Chapter8802016",4,TRUE,""
2016,"RNTRD","Dwelling classifications","https://www.abs.gov.au/statistics/microdata-tablebuilder/available-microdata-tablebuilder/census-population-and-housing/data%20item%20list%20-%205%20percent%20detailed%20microdata.xls",3,TRUE,""
2016,"RPIP","Persons classifications","https://www.abs.gov.au/statistics/microdata-tablebuilder/available-microdata-tablebuilder/census-population-and-housing/data%20item%20list%20-%205%20percent%20detailed%20microdata.xls",2,TRUE,""
2016,"SA1U1P","","https://www.abs.gov.au/statistics/microdata-tablebuilder/available-microdata-tablebuilder/census-population-and-housing/data%20item%20list%20-%205%20percent%20detailed%20microdata.xls",,FALSE,"not_enumerated_in_official_source"
2016,"SA1U5P","","https://www.abs.gov.au/statistics/microdata-tablebuilder/available-microdata-tablebuilder/census-population-and-housing/data%20item%20list%20-%205%20percent%20detailed%20microdata.xls",,FALSE,"not_enumerated_in_official_source"
2016,"SA1UCD","Dwelling classifications","https://www.abs.gov.au/statistics/microdata-tablebuilder/available-microdata-tablebuilder/census-population-and-housing/data%20item%20list%20-%205%20percent%20detailed%20microdata.xls",24,TRUE,""
2016,"SA1UCP","Persons classifications","https://www.abs.gov.au/statistics/microdata-tablebuilder/available-microdata-tablebuilder/census-population-and-housing/data%20item%20list%20-%205%20percent%20detailed%20microdata.xls",19,TRUE,""
2016,"SA2U1P","","https://www.abs.gov.au/statistics/microdata-tablebuilder/available-microdata-tablebuilder/census-population-and-housing/data%20item%20list%20-%205%20percent%20detailed%20microdata.xls",,FALSE,"not_enumerated_in_official_source"
2016,"SA2U5P","","https://www.abs.gov.au/statistics/microdata-tablebuilder/available-microdata-tablebuilder/census-population-and-housing/data%20item%20list%20-%205%20percent%20detailed%20microdata.xls",,FALSE,"not_enumerated_in_official_source"
2016,"SA2UCD","Dwelling classifications","https://www.abs.gov.au/statistics/microdata-tablebuilder/available-microdata-tablebuilder/census-population-and-housing/data%20item%20list%20-%205%20percent%20detailed%20microdata.xls",24,TRUE,""
2016,"SA2UCP","Persons classifications","https://www.abs.gov.au/statistics/microdata-tablebuilder/available-microdata-tablebuilder/census-population-and-housing/data%20item%20list%20-%205%20percent%20detailed%20microdata.xls",19,TRUE,""
2016,"SA3UCD","Dwelling classifications","https://www.abs.gov.au/statistics/microdata-tablebuilder/available-microdata-tablebuilder/census-population-and-housing/data%20item%20list%20-%205%20percent%20detailed%20microdata.xls",24,TRUE,""
2016,"SA3UCP","Persons classifications","https://www.abs.gov.au/statistics/microdata-tablebuilder/available-microdata-tablebuilder/census-population-and-housing/data%20item%20list%20-%205%20percent%20detailed%20microdata.xls",19,TRUE,""
2016,"SA4UCD","Dwelling classifications","https://www.abs.gov.au/statistics/microdata-tablebuilder/available-microdata-tablebuilder/census-population-and-housing/data%20item%20list%20-%205%20percent%20detailed%20microdata.xls",24,TRUE,""
2016,"SA4UCP","Persons classifications","https://www.abs.gov.au/statistics/microdata-tablebuilder/available-microdata-tablebuilder/census-population-and-housing/data%20item%20list%20-%205%20percent%20detailed%20microdata.xls",24,TRUE,""
2016,"SAFD","2016 Census Dictionary category table","https://www.abs.gov.au/ausstats/abs@.nsf/Lookup/2901.0Chapter9052016",1,TRUE,""
2016,"SEXP","Persons classifications","https://www.abs.gov.au/statistics/microdata-tablebuilder/available-microdata-tablebuilder/census-population-and-housing/data%20item%20list%20-%205%20percent%20detailed%20microdata.xls",1,TRUE,""
2016,"SIEMP","Persons classifications","https://www.abs.gov.au/statistics/microdata-tablebuilder/available-microdata-tablebuilder/census-population-and-housing/data%20item%20list%20-%205%20percent%20detailed%20microdata.xls",2,TRUE,""
2016,"SLPP","2016 Census Dictionary category table","https://www.abs.gov.au/ausstats/abs@.nsf/Lookup/2901.0Chapter9202016",1,TRUE,""
2016,"SPLF","2016 Census Dictionary category table","https://www.abs.gov.au/ausstats/abs@.nsf/Lookup/2901.0Chapter9302016",1,TRUE,""
2016,"SSCF","2016 Census Dictionary category table","https://www.abs.gov.au/ausstats/abs@.nsf/Lookup/2901.0Chapter9402016",1,TRUE,""
2016,"STEU1P","","https://www.abs.gov.au/statistics/microdata-tablebuilder/available-microdata-tablebuilder/census-population-and-housing/data%20item%20list%20-%205%20percent%20detailed%20microdata.xls",,FALSE,"not_enumerated_in_official_source"
2016,"STEU5P","","https://www.abs.gov.au/statistics/microdata-tablebuilder/available-microdata-tablebuilder/census-population-and-housing/data%20item%20list%20-%205%20percent%20detailed%20microdata.xls",,FALSE,"not_enumerated_in_official_source"
2016,"STEUCD","","https://www.abs.gov.au/statistics/microdata-tablebuilder/available-microdata-tablebuilder/census-population-and-housing/data%20item%20list%20-%205%20percent%20detailed%20microdata.xls",,FALSE,"not_enumerated_in_official_source"
2016,"STEUCP","","https://www.abs.gov.au/statistics/microdata-tablebuilder/available-microdata-tablebuilder/census-population-and-housing/data%20item%20list%20-%205%20percent%20detailed%20microdata.xls",,FALSE,"not_enumerated_in_official_source"
2016,"STRD","Dwelling classifications","https://www.abs.gov.au/statistics/microdata-tablebuilder/available-microdata-tablebuilder/census-population-and-housing/data%20item%20list%20-%205%20percent%20detailed%20microdata.xls",3,TRUE,""
2016,"STUP","Persons classifications","https://www.abs.gov.au/statistics/microdata-tablebuilder/available-microdata-tablebuilder/census-population-and-housing/data%20item%20list%20-%205%20percent%20detailed%20microdata.xls",2,TRUE,""
2016,"SYNTHETIC_AEUID","","https://www.abs.gov.au/statistics/microdata-tablebuilder/available-microdata-tablebuilder/census-population-and-housing/data%20item%20list%20-%205%20percent%20detailed%20microdata.xls",,FALSE,"not_enumerated_in_official_source"
2016,"TEND","Dwelling classifications","https://www.abs.gov.au/statistics/microdata-tablebuilder/available-microdata-tablebuilder/census-population-and-housing/data%20item%20list%20-%205%20percent%20detailed%20microdata.xls",2,TRUE,""
2016,"TENLLD","2016 Census Dictionary category table","https://www.abs.gov.au/ausstats/abs@.nsf/Lookup/2901.0Chapter9802016",1,TRUE,""
2016,"TISP","Persons classifications","https://www.abs.gov.au/statistics/microdata-tablebuilder/available-microdata-tablebuilder/census-population-and-housing/data%20item%20list%20-%205%20percent%20detailed%20microdata.xls",3,TRUE,""
2016,"TISRP","2016 Census Dictionary category table","https://www.abs.gov.au/ausstats/abs@.nsf/Lookup/2901.0Chapter10002016",1,TRUE,""
2016,"TYPP","Persons classifications","https://www.abs.gov.au/statistics/microdata-tablebuilder/available-microdata-tablebuilder/census-population-and-housing/data%20item%20list%20-%205%20percent%20detailed%20microdata.xls",3,TRUE,""
2016,"TYSTAP","2016 Census Dictionary category table","https://www.abs.gov.au/ausstats/abs@.nsf/Lookup/2901.0Chapter10202016",2,TRUE,""
2016,"UAI1P","Persons classifications","https://www.abs.gov.au/statistics/microdata-tablebuilder/available-microdata-tablebuilder/census-population-and-housing/data%20item%20list%20-%205%20percent%20detailed%20microdata.xls",2,TRUE,""
2016,"UAI5P","Persons classifications","https://www.abs.gov.au/statistics/microdata-tablebuilder/available-microdata-tablebuilder/census-population-and-housing/data%20item%20list%20-%205%20percent%20detailed%20microdata.xls",2,TRUE,""
2016,"UAICP","Persons classifications","https://www.abs.gov.au/statistics/microdata-tablebuilder/available-microdata-tablebuilder/census-population-and-housing/data%20item%20list%20-%205%20percent%20detailed%20microdata.xls",2,TRUE,""
2016,"UNCAREP","Persons classifications","https://www.abs.gov.au/statistics/microdata-tablebuilder/available-microdata-tablebuilder/census-population-and-housing/data%20item%20list%20-%205%20percent%20detailed%20microdata.xls",2,TRUE,""
2016,"VEHD","2016 Census Dictionary category table","https://www.abs.gov.au/ausstats/abs@.nsf/Lookup/2901.0Chapter10702016",2,TRUE,""
2016,"VEHRD","Dwelling classifications","https://www.abs.gov.au/statistics/microdata-tablebuilder/available-microdata-tablebuilder/census-population-and-housing/data%20item%20list%20-%205%20percent%20detailed%20microdata.xls",2,TRUE,""
2016,"VOLWP","Persons classifications","https://www.abs.gov.au/statistics/microdata-tablebuilder/available-microdata-tablebuilder/census-population-and-housing/data%20item%20list%20-%205%20percent%20detailed%20microdata.xls",2,TRUE,""
2016,"YARP","Persons classifications","https://www.abs.gov.au/statistics/microdata-tablebuilder/available-microdata-tablebuilder/census-population-and-housing/data%20item%20list%20-%205%20percent%20detailed%20microdata.xls",5,TRUE,""
2016,"YARRP","2016 Census Dictionary category table","https://www.abs.gov.au/ausstats/abs@.nsf/Lookup/2901.0Chapter11002016",1,TRUE,""
2021,"ADCP","2021 Census Dictionary category table","https://www.abs.gov.au/census/guide-census-data/census-dictionary/2021/variables-topic/service-australian-defence-force/australian-defence-force-service-detailed-adcp",1,TRUE,""
2021,"ADDIVD","","https://www.abs.gov.au/census/guide-census-data/census-dictionary/2021/variables-index",3,FALSE,"not_enumerated_in_official_source"
2021,"ADDIVP","","https://www.abs.gov.au/census/guide-census-data/census-dictionary/2021/variables-index",3,FALSE,"not_enumerated_in_official_source"
2021,"ADFP","2021 Census Dictionary category table","https://www.abs.gov.au/census/guide-census-data/census-dictionary/2021/variables-topic/service-australian-defence-force/australian-defence-force-service-adfp",1,TRUE,""
2021,"AGE10P","2021 Census Dictionary category table","https://www.abs.gov.au/census/guide-census-data/census-dictionary/2021/variables-topic/population/age-ten-year-groups-age10p",2,TRUE,""
2021,"AGE5P","2021 Census Dictionary category table","https://www.abs.gov.au/census/guide-census-data/census-dictionary/2021/variables-topic/population/age-five-year-groups-age5p",2,TRUE,""
2021,"AGEP","2021 Census Dictionary category table","https://www.abs.gov.au/census/guide-census-data/census-dictionary/2021/variables-topic/population/age-agep",3,TRUE,""
2021,"ANC1P","2021 Census Dictionary category table","https://www.abs.gov.au/census/guide-census-data/census-dictionary/2021/variables-topic/cultural-diversity/ancestry-1st-response-anc1p",4,TRUE,""
2021,"ANC2P","2021 Census Dictionary category table","https://www.abs.gov.au/census/guide-census-data/census-dictionary/2021/variables-topic/cultural-diversity/ancestry-2nd-response-anc2p",4,TRUE,""
2021,"ANCRP","2021 Census Dictionary category table","https://www.abs.gov.au/census/guide-census-data/census-dictionary/2021/variables-topic/cultural-diversity/ancestry-one-or-two-response-indicator-ancrp",1,TRUE,""
2021,"ASSNP","2021 Census Dictionary category table","https://www.abs.gov.au/census/guide-census-data/census-dictionary/2021/variables-topic/disability-and-carers/core-activity-need-assistance-assnp",1,TRUE,""
2021,"AUSTP","","https://www.abs.gov.au/census/guide-census-data/census-dictionary/2021/variables-index",1,FALSE,"not_enumerated_in_official_source"
2021,"AUSTU1P","","https://www.abs.gov.au/census/guide-census-data/census-dictionary/2021/variables-index",1,FALSE,"not_enumerated_in_official_source"
2021,"AUSTU5P","","https://www.abs.gov.au/census/guide-census-data/census-dictionary/2021/variables-index",1,FALSE,"not_enumerated_in_official_source"
2021,"BEDD","2021 Census Dictionary category table","https://www.abs.gov.au/census/guide-census-data/census-dictionary/2021/variables-topic/housing/number-bedrooms-private-dwelling-bedd",2,TRUE,""
2021,"BEDRD","2021 Census Dictionary category table","https://www.abs.gov.au/census/guide-census-data/census-dictionary/2021/variables-topic/housing/number-bedrooms-private-dwelling-ranges-bedrd",1,TRUE,""
2021,"BPFP","2021 Census Dictionary category table","https://www.abs.gov.au/census/guide-census-data/census-dictionary/2021/variables-topic/cultural-diversity/country-birth-mother-bpfp",4,TRUE,""
2021,"BPLP","2021 Census Dictionary category table","https://www.abs.gov.au/census/guide-census-data/census-dictionary/2021/variables-topic/cultural-diversity/country-birth-person-bplp",4,TRUE,""
2021,"BPMP","2021 Census Dictionary category table","https://www.abs.gov.au/census/guide-census-data/census-dictionary/2021/variables-topic/cultural-diversity/country-birth-father-bpmp",4,TRUE,""
2021,"BPPP","2021 Census Dictionary category table","https://www.abs.gov.au/census/guide-census-data/census-dictionary/2021/variables-topic/cultural-diversity/country-birth-parents-bppp",1,TRUE,""
2021,"C3SP","2021 Census Dictionary category table","https://www.abs.gov.au/census/guide-census-data/census-dictionary/2021/variables-topic/national-reporting/attainment-certificate-iii-or-higher-or-working-towards-non-school-qualification-c3sp",1,TRUE,""
2021,"CACF","2021 Census Dictionary category table","https://www.abs.gov.au/census/guide-census-data/census-dictionary/2021/variables-topic/household-and-families/count-all-children-family-cacf",1,TRUE,""
2021,"CALTHD","2021 Census Dictionary category table","https://www.abs.gov.au/census/guide-census-data/census-dictionary/2021/variables-topic/health/count-adults-aged-15-years-and-over-selected-long-term-health-conditions-household-calthd",1,TRUE,""
2021,"CCLTHD","2021 Census Dictionary category table","https://www.abs.gov.au/census/guide-census-data/census-dictionary/2021/variables-topic/health/count-children-selected-long-term-health-conditions-household-cclthd",1,TRUE,""
2021,"CDCAF","2021 Census Dictionary category table","https://www.abs.gov.au/census/guide-census-data/census-dictionary/2021/variables-topic/household-and-families/count-dependent-children-under-15-family-temporarily-absent-cdcaf",1,TRUE,""
2021,"CDCF","2021 Census Dictionary category table","https://www.abs.gov.au/census/guide-census-data/census-dictionary/2021/variables-topic/household-and-families/count-dependent-children-family-cdcf",2,TRUE,""
2021,"CDCUF","2021 Census Dictionary category table","https://www.abs.gov.au/census/guide-census-data/census-dictionary/2021/variables-topic/household-and-families/count-dependent-children-under-15-family-cdcuf",2,TRUE,""
2021,"CDPP","2021 Census Dictionary category table","https://www.abs.gov.au/census/guide-census-data/census-dictionary/2021/variables-topic/income-and-work/community-development-programme-participation-cdpp",1,TRUE,""
2021,"CDSAF","2021 Census Dictionary category table","https://www.abs.gov.au/census/guide-census-data/census-dictionary/2021/variables-topic/household-and-families/count-dependent-students-15-24-years-family-temporarily-absent-cdsaf",1,TRUE,""
2021,"CDSF","2021 Census Dictionary category table","https://www.abs.gov.au/census/guide-census-data/census-dictionary/2021/variables-topic/household-and-families/count-dependent-students-15-24-years-family-cdsf",2,TRUE,""
2021,"CEDD","","https://www.abs.gov.au/census/guide-census-data/census-dictionary/2021/variables-index",6,FALSE,"not_enumerated_in_official_source"
2021,"CEDP","","https://www.abs.gov.au/census/guide-census-data/census-dictionary/2021/variables-index",6,FALSE,"not_enumerated_in_official_source"
2021,"CHCAREP","2021 Census Dictionary category table","https://www.abs.gov.au/census/guide-census-data/census-dictionary/2021/variables-topic/unpaid-work-and-care/unpaid-child-care-chcarep",1,TRUE,""
2021,"CITP","2021 Census Dictionary category table","https://www.abs.gov.au/census/guide-census-data/census-dictionary/2021/variables-topic/cultural-diversity/australian-citizenship-citp",1,TRUE,""
2021,"CLTHP","2021 Census Dictionary category table","https://www.abs.gov.au/census/guide-census-data/census-dictionary/2021/variables-topic/health/count-selected-long-term-health-conditions-cthp",1,TRUE,""
2021,"CNDAF","2021 Census Dictionary category table","https://www.abs.gov.au/census/guide-census-data/census-dictionary/2021/variables-topic/household-and-families/count-non-dependent-children-family-temporarily-absent-cndaf",1,TRUE,""
2021,"CNDCF","2021 Census Dictionary category table","https://www.abs.gov.au/census/guide-census-data/census-dictionary/2021/variables-topic/household-and-families/count-non-dependent-children-family-cndcf",2,TRUE,""
2021,"COARASP","2021 Census Dictionary category table","https://www.abs.gov.au/census/guide-census-data/census-dictionary/2021/variables-topic/health/whether-has-arthritis-and-asthma-coarasp",1,TRUE,""
2021,"COARDBP","2021 Census Dictionary category table","https://www.abs.gov.au/census/guide-census-data/census-dictionary/2021/variables-topic/health/whether-has-arthritis-and-diabetes-coardbp",1,TRUE,""
2021,"COARHDP","2021 Census Dictionary category table","https://www.abs.gov.au/census/guide-census-data/census-dictionary/2021/variables-topic/health/whether-has-arthritis-and-heart-disease-coarhdp",1,TRUE,""
2021,"COARMHP","2021 Census Dictionary category table","https://www.abs.gov.au/census/guide-census-data/census-dictionary/2021/variables-topic/health/whether-has-arthritis-and-mental-health-condition-coarmhp",1,TRUE,""
2021,"COASHDP","2021 Census Dictionary category table","https://www.abs.gov.au/census/guide-census-data/census-dictionary/2021/variables-topic/health/whether-has-asthma-and-heart-disease-coashdp",1,TRUE,""
2021,"COASLCP","2021 Census Dictionary category table","https://www.abs.gov.au/census/guide-census-data/census-dictionary/2021/variables-topic/health/whether-has-asthma-and-lung-condition-coaslcp",1,TRUE,""
2021,"COCNHDP","2021 Census Dictionary category table","https://www.abs.gov.au/census/guide-census-data/census-dictionary/2021/variables-topic/health/whether-has-cancer-and-heart-disease-cocnhdp",1,TRUE,""
2021,"CODBHDP","2021 Census Dictionary category table","https://www.abs.gov.au/census/guide-census-data/census-dictionary/2021/variables-topic/health/whether-has-diabetes-and-heart-disease-codbhdp",1,TRUE,""
2021,"CODBKDP","2021 Census Dictionary category table","https://www.abs.gov.au/census/guide-census-data/census-dictionary/2021/variables-topic/health/whether-has-diabetes-and-kidney-disease-codbkdp",1,TRUE,""
2021,"COHDKDP","2021 Census Dictionary category table","https://www.abs.gov.au/census/guide-census-data/census-dictionary/2021/variables-topic/health/whether-has-heart-disease-and-kidney-disease-cohdkdp",1,TRUE,""
2021,"COHDMHP","2021 Census Dictionary category table","https://www.abs.gov.au/census/guide-census-data/census-dictionary/2021/variables-topic/health/whether-has-heart-disease-and-mental-health-condition-cohdmhp",1,TRUE,""
2021,"COLCMHP","2021 Census Dictionary category table","https://www.abs.gov.au/census/guide-census-data/census-dictionary/2021/variables-topic/health/whether-has-lung-condition-and-mental-health-condition-colcmhp",1,TRUE,""
2021,"CPAD","2021 Census Dictionary category table","https://www.abs.gov.au/census/guide-census-data/census-dictionary/2021/variables-topic/household-and-families/count-persons-temporarily-absent-household-cpad",1,TRUE,""
2021,"CPAF","2021 Census Dictionary category table","https://www.abs.gov.au/census/guide-census-data/census-dictionary/2021/variables-topic/household-and-families/count-persons-temporarily-absent-family-cpaf",1,TRUE,""
2021,"CPLTHD","2021 Census Dictionary category table","https://www.abs.gov.au/census/guide-census-data/census-dictionary/2021/variables-topic/health/count-persons-selected-long-term-health-conditions-household-cplthd",2,TRUE,""
2021,"CPLTHRD","2021 Census Dictionary category table","https://www.abs.gov.au/census/guide-census-data/census-dictionary/2021/variables-topic/health/count-persons-selected-long-term-health-conditions-household-ranges-cplthrd",1,TRUE,""
2021,"CPRF","2021 Census Dictionary category table","https://www.abs.gov.au/census/guide-census-data/census-dictionary/2021/variables-topic/household-and-families/count-persons-family-cprf",1,TRUE,""
2021,"CTGP","2021 Census Dictionary category table","https://www.abs.gov.au/census/guide-census-data/census-dictionary/2021/variables-topic/household-and-families/child-type-including-grandchildren-ctgp",1,TRUE,""
2021,"CTPP","2021 Census Dictionary category table","https://www.abs.gov.au/census/guide-census-data/census-dictionary/2021/variables-topic/household-and-families/child-type-ctpp",1,TRUE,""
2021,"DLOD","2021 Census Dictionary category table","https://www.abs.gov.au/census/guide-census-data/census-dictionary/2021/variables-topic/housing/dwelling-location-dlod",1,TRUE,""
2021,"DOMP","2021 Census Dictionary category table","https://www.abs.gov.au/census/guide-census-data/census-dictionary/2021/variables-topic/unpaid-work-and-care/unpaid-domestic-work-number-hours-domp",1,TRUE,""
2021,"DWELLING_ID","","https://www.abs.gov.au/census/guide-census-data/census-dictionary/2021/variables-index",,FALSE,"not_enumerated_in_official_source"
2021,"DWTD","2021 Census Dictionary category table","https://www.abs.gov.au/census/guide-census-data/census-dictionary/2021/variables-topic/housing/dwelling-type-dwtd",1,TRUE,""
2021,"EETP","2021 Census Dictionary category table","https://www.abs.gov.au/census/guide-census-data/census-dictionary/2021/variables-topic/education-and-training/engagement-employment-education-and-training-eetp",2,TRUE,""
2021,"EMFP","2021 Census Dictionary category table","https://www.abs.gov.au/census/guide-census-data/census-dictionary/2021/variables-topic/national-reporting/employment-flag-emfp",1,TRUE,""
2021,"EMPCD","","https://www.abs.gov.au/census/guide-census-data/census-dictionary/2021/variables-index",4,FALSE,"not_enumerated_in_official_source"
2021,"EMPCP","","https://www.abs.gov.au/census/guide-census-data/census-dictionary/2021/variables-index",4,FALSE,"not_enumerated_in_official_source"
2021,"EMPP","2021 Census Dictionary category table","https://www.abs.gov.au/census/guide-census-data/census-dictionary/2021/variables-topic/income-and-work/number-employees-empp",1,TRUE,""
2021,"ENGLP","2021 Census Dictionary category table","https://www.abs.gov.au/census/guide-census-data/census-dictionary/2021/variables-topic/cultural-diversity/proficiency-spoken-english-englp",1,TRUE,""
2021,"FAMILY_ID","","https://www.abs.gov.au/census/guide-census-data/census-dictionary/2021/variables-index",,FALSE,"not_enumerated_in_official_source"
2021,"FBLF","2021 Census Dictionary category table","https://www.abs.gov.au/census/guide-census-data/census-dictionary/2021/variables-topic/household-and-families/family-blending-fblf",1,TRUE,""
2021,"FIDF","2021 Census Dictionary category table","https://www.abs.gov.au/census/guide-census-data/census-dictionary/2021/variables-topic/income-and-work/family-income-derivation-indicator-fidf",1,TRUE,""
2021,"FINASF","2021 Census Dictionary category table","https://www.abs.gov.au/census/guide-census-data/census-dictionary/2021/variables-topic/income-and-work/total-family-income-stated-weekly-finasf",2,TRUE,""
2021,"FINF","2021 Census Dictionary category table","https://www.abs.gov.au/census/guide-census-data/census-dictionary/2021/variables-topic/income-and-work/total-family-income-weekly-finf",2,TRUE,""
2021,"FMCF","2021 Census Dictionary category table","https://www.abs.gov.au/census/guide-census-data/census-dictionary/2021/variables-topic/household-and-families/family-composition-fmcf",4,TRUE,""
2021,"FMGF","2021 Census Dictionary category table","https://www.abs.gov.au/census/guide-census-data/census-dictionary/2021/variables-topic/household-and-families/grandparent-families-fmgf",2,TRUE,""
2021,"FNOF","2021 Census Dictionary category table","https://www.abs.gov.au/census/guide-census-data/census-dictionary/2021/variables-topic/household-and-families/family-number-fnof",1,TRUE,""
2021,"FPIP","2021 Census Dictionary category table","https://www.abs.gov.au/census/guide-census-data/census-dictionary/2021/variables-topic/household-and-families/parent-indicator-fpip",1,TRUE,""
2021,"FRLF","2021 Census Dictionary category table","https://www.abs.gov.au/census/guide-census-data/census-dictionary/2021/variables-topic/household-and-families/relationship-between-families-frlf",1,TRUE,""
2021,"GCCSAD","","https://www.abs.gov.au/census/guide-census-data/census-dictionary/2021/variables-index",5,FALSE,"not_enumerated_in_official_source"
2021,"GCCSAP","","https://www.abs.gov.au/census/guide-census-data/census-dictionary/2021/variables-index",5,FALSE,"not_enumerated_in_official_source"
2021,"GNGP","2021 Census Dictionary category table","https://www.abs.gov.au/census/guide-census-data/census-dictionary/2021/variables-topic/income-and-work/publicprivate-sector-gngp",1,TRUE,""
2021,"HARTP","2021 Census Dictionary category table","https://www.abs.gov.au/census/guide-census-data/census-dictionary/2021/variables-topic/health/whether-has-arthritis-hartp",3,TRUE,""
2021,"HASTP","2021 Census Dictionary category table","https://www.abs.gov.au/census/guide-census-data/census-dictionary/2021/variables-topic/health/whether-has-asthma-hastp",3,TRUE,""
2021,"HCANP","2021 Census Dictionary category table","https://www.abs.gov.au/census/guide-census-data/census-dictionary/2021/variables-topic/health/whether-has-cancer-including-remission-hcanp",3,TRUE,""
2021,"HCFMD","2021 Census Dictionary category table","https://www.abs.gov.au/census/guide-census-data/census-dictionary/2021/variables-topic/household-and-families/family-household-composition-dwelling-hcfmd",2,TRUE,""
2021,"HCFMF","2021 Census Dictionary category table","https://www.abs.gov.au/census/guide-census-data/census-dictionary/2021/variables-topic/household-and-families/family-household-composition-family-hcfmf",2,TRUE,""
2021,"HDEMP","2021 Census Dictionary category table","https://www.abs.gov.au/census/guide-census-data/census-dictionary/2021/variables-topic/health/whether-has-dementia-including-alzheimers-hdemp",3,TRUE,""
2021,"HDIAP","2021 Census Dictionary category table","https://www.abs.gov.au/census/guide-census-data/census-dictionary/2021/variables-topic/health/whether-has-diabetes-excluding-gestational-diabetes-hdiap",3,TRUE,""
2021,"HEAP","2021 Census Dictionary category table","https://www.abs.gov.au/census/guide-census-data/census-dictionary/2021/variables-topic/education-and-training/level-highest-educational-attainment-heap",3,TRUE,""
2021,"HHCD","2021 Census Dictionary category table","https://www.abs.gov.au/census/guide-census-data/census-dictionary/2021/variables-topic/household-and-families/household-composition-hhcd",3,TRUE,""
2021,"HHEDP","2021 Census Dictionary category table","https://www.abs.gov.au/census/guide-census-data/census-dictionary/2021/variables-topic/health/whether-has-heart-disease-including-heart-attack-or-angina-hhedp",3,TRUE,""
2021,"HIDD","2021 Census Dictionary category table","https://www.abs.gov.au/census/guide-census-data/census-dictionary/2021/variables-topic/income-and-work/household-income-derivation-indicator-hidd",1,TRUE,""
2021,"HIED","2021 Census Dictionary category table","https://www.abs.gov.au/census/guide-census-data/census-dictionary/2021/variables-topic/income-and-work/equivalised-total-household-income-weekly-hied",2,TRUE,""
2021,"HINASD","2021 Census Dictionary category table","https://www.abs.gov.au/census/guide-census-data/census-dictionary/2021/variables-topic/income-and-work/total-household-income-stated-weekly-hinasd",2,TRUE,""
2021,"HIND","2021 Census Dictionary category table","https://www.abs.gov.au/census/guide-census-data/census-dictionary/2021/variables-topic/income-and-work/total-household-income-weekly-hind",2,TRUE,""
2021,"HKIDP","2021 Census Dictionary category table","https://www.abs.gov.au/census/guide-census-data/census-dictionary/2021/variables-topic/health/whether-has-kidney-disease-hkidp",3,TRUE,""
2021,"HLTHP","2021 Census Dictionary category table","https://www.abs.gov.au/census/guide-census-data/census-dictionary/2021/variables-topic/health/whether-has-one-or-more-long-term-health-conditions-hlthp",3,TRUE,""
2021,"HLUNP","2021 Census Dictionary category table","https://www.abs.gov.au/census/guide-census-data/census-dictionary/2021/variables-topic/health/whether-has-lung-condition-including-copd-and-emphysema-hlunp",3,TRUE,""
2021,"HMHCP","2021 Census Dictionary category table","https://www.abs.gov.au/census/guide-census-data/census-dictionary/2021/variables-topic/health/whether-has-mental-health-condition-including-depression-or-anxiety-hmhcp",3,TRUE,""
2021,"HOLHP","2021 Census Dictionary category table","https://www.abs.gov.au/census/guide-census-data/census-dictionary/2021/variables-topic/health/whether-has-other-long-term-health-conditions-hohlp",3,TRUE,""
2021,"HOSD","2021 Census Dictionary category table","https://www.abs.gov.au/census/guide-census-data/census-dictionary/2021/variables-topic/housing/housing-suitability-hosd",2,TRUE,""
2021,"HRSP","2021 Census Dictionary category table","https://www.abs.gov.au/census/guide-census-data/census-dictionary/2021/variables-topic/income-and-work/hours-worked-hrsp",2,TRUE,""
2021,"HRWRP","2021 Census Dictionary category table","https://www.abs.gov.au/census/guide-census-data/census-dictionary/2021/variables-topic/income-and-work/hours-worked-ranges-hrwrp",2,TRUE,""
2021,"HSCP","2021 Census Dictionary category table","https://www.abs.gov.au/census/guide-census-data/census-dictionary/2021/variables-topic/education-and-training/highest-year-school-completed-hscp",1,TRUE,""
2021,"HSTRP","2021 Census Dictionary category table","https://www.abs.gov.au/census/guide-census-data/census-dictionary/2021/variables-topic/health/whether-has-had-stroke-hstrp",3,TRUE,""
2021,"IARED","","https://www.abs.gov.au/census/guide-census-data/census-dictionary/2021/variables-index",10,FALSE,"not_enumerated_in_official_source"
2021,"IAREP","","https://www.abs.gov.au/census/guide-census-data/census-dictionary/2021/variables-index",10,FALSE,"not_enumerated_in_official_source"
2021,"IFAGEP","2021 Census Dictionary category table","https://www.abs.gov.au/census/guide-census-data/census-dictionary/2021/variables-topic/population/imputation-flag-age-ifagep",1,TRUE,""
2021,"IFMSTP","2021 Census Dictionary category table","https://www.abs.gov.au/census/guide-census-data/census-dictionary/2021/variables-topic/household-and-families/imputation-flag-registered-marital-status-ifmstp",1,TRUE,""
2021,"IFNMFD","2021 Census Dictionary category table","https://www.abs.gov.au/census/guide-census-data/census-dictionary/2021/variables-topic/household-and-families/imputation-flag-number-males-and-females-dwelling-ifnmfd",1,TRUE,""
2021,"IFPOWP","2021 Census Dictionary category table","https://www.abs.gov.au/census/guide-census-data/census-dictionary/2021/variables-topic/location/imputation-flag-place-work-ifpowp",1,TRUE,""
2021,"IFPURP","2021 Census Dictionary category table","https://www.abs.gov.au/census/guide-census-data/census-dictionary/2021/variables-topic/location/imputation-flag-place-usual-residence-ifpurp",2,TRUE,""
2021,"IFSEXP","2021 Census Dictionary category table","https://www.abs.gov.au/census/guide-census-data/census-dictionary/2021/variables-topic/population/imputation-flag-sex-ifsexp",2,TRUE,""
2021,"ILOCD","","https://www.abs.gov.au/census/guide-census-data/census-dictionary/2021/variables-index",12,FALSE,"not_enumerated_in_official_source"
2021,"ILOCP","","https://www.abs.gov.au/census/guide-census-data/census-dictionary/2021/variables-index",12,FALSE,"not_enumerated_in_official_source"
2021,"INCP","2021 Census Dictionary category table","https://www.abs.gov.au/census/guide-census-data/census-dictionary/2021/variables-topic/income-and-work/total-personal-income-weekly-incp",2,TRUE,""
2021,"INDP","2021 Census Dictionary category table","https://www.abs.gov.au/census/guide-census-data/census-dictionary/2021/variables-topic/income-and-work/industry-employment-indp",4,TRUE,""
2021,"INGDWTD","2021 Census Dictionary category table","https://www.abs.gov.au/census/guide-census-data/census-dictionary/2021/variables-topic/aboriginal-and-torres-strait-islander-peoples/indigenous-household-indicator-ingdwtd",1,TRUE,""
2021,"INGF","2021 Census Dictionary category table","https://www.abs.gov.au/census/guide-census-data/census-dictionary/2021/variables-topic/aboriginal-and-torres-strait-islander-peoples/aboriginal-and-torres-strait-islander-family-indicator-ingf",1,TRUE,""
2021,"INGP","2021 Census Dictionary category table","https://www.abs.gov.au/census/guide-census-data/census-dictionary/2021/variables-topic/aboriginal-and-torres-strait-islander-peoples/indigenous-status-ingp",1,TRUE,""
2021,"IREGD","","https://www.abs.gov.au/census/guide-census-data/census-dictionary/2021/variables-index",7,FALSE,"not_enumerated_in_official_source"
2021,"IREGP","","https://www.abs.gov.au/census/guide-census-data/census-dictionary/2021/variables-index",7,FALSE,"not_enumerated_in_official_source"
2021,"LANP","2021 Census Dictionary category table","https://www.abs.gov.au/census/guide-census-data/census-dictionary/2021/variables-topic/cultural-diversity/language-used-home-lanp",4,TRUE,""
2021,"LFFP","2021 Census Dictionary category table","https://www.abs.gov.au/census/guide-census-data/census-dictionary/2021/variables-topic/national-reporting-indicators/labour-force-participation-flag-lfpp",1,TRUE,""
2021,"LFHRP","2021 Census Dictionary category table","https://www.abs.gov.au/census/guide-census-data/census-dictionary/2021/variables-topic/income-and-work/labour-force-status-and-hours-worked-not-stated-lfhrp",1,TRUE,""
2021,"LFSF","2021 Census Dictionary category table","https://www.abs.gov.au/census/guide-census-data/census-dictionary/2021/variables-topic/income-and-work/labour-force-status-parentspartners-families-lfsf",2,TRUE,""
2021,"LFSP","2021 Census Dictionary category table","https://www.abs.gov.au/census/guide-census-data/census-dictionary/2021/variables-topic/income-and-work/labour-force-status-lfsp",1,TRUE,""
2021,"LGA22D","","https://www.abs.gov.au/census/guide-census-data/census-dictionary/2021/variables-index",8,FALSE,"not_enumerated_in_official_source"
2021,"LGAD","","https://www.abs.gov.au/census/guide-census-data/census-dictionary/2021/variables-index",8,FALSE,"not_enumerated_in_official_source"
2021,"LGAP","","https://www.abs.gov.au/census/guide-census-data/census-dictionary/2021/variables-index",8,FALSE,"not_enumerated_in_official_source"
2021,"LGAP22","","https://www.abs.gov.au/census/guide-census-data/census-dictionary/2021/variables-index",8,FALSE,"not_enumerated_in_official_source"
2021,"LGAU1P","","https://www.abs.gov.au/census/guide-census-data/census-dictionary/2021/variables-index",8,FALSE,"not_enumerated_in_official_source"
2021,"LGAU5P","","https://www.abs.gov.au/census/guide-census-data/census-dictionary/2021/variables-index",8,FALSE,"not_enumerated_in_official_source"
2021,"LLDD","2021 Census Dictionary category table","https://www.abs.gov.au/census/guide-census-data/census-dictionary/2021/variables-topic/housing/landlord-type-lldd",2,TRUE,""
2021,"LNGP","2021 Census Dictionary category table","https://www.abs.gov.au/census/guide-census-data/census-dictionary/2021/variables-topic/aboriginal-and-torres-strait-islander-peoples/whether-reported-using-aboriginal-andor-torres-strait-islander-language-home-lngp",1,TRUE,""
2021,"MAID","2021 Census Dictionary category table","https://www.abs.gov.au/census/guide-census-data/census-dictionary/2021/variables-topic/housing/mortgage-affordability-indicator-maid",1,TRUE,""
2021,"MBU1P","","https://www.abs.gov.au/census/guide-census-data/census-dictionary/2021/variables-index",11,FALSE,"not_enumerated_in_official_source"
2021,"MBU5P","","https://www.abs.gov.au/census/guide-census-data/census-dictionary/2021/variables-index",11,FALSE,"not_enumerated_in_official_source"
2021,"MBUCD","","https://www.abs.gov.au/census/guide-census-data/census-dictionary/2021/variables-index",11,FALSE,"not_enumerated_in_official_source"
2021,"MBUCP","","https://www.abs.gov.au/census/guide-census-data/census-dictionary/2021/variables-index",11,FALSE,"not_enumerated_in_official_source"
2021,"MDCP","2021 Census Dictionary category table","https://www.abs.gov.au/census/guide-census-data/census-dictionary/2021/variables-topic/household-and-families/social-marital-status-mdcp",1,TRUE,""
2021,"MRED","2021 Census Dictionary category table","https://www.abs.gov.au/census/guide-census-data/census-dictionary/2021/variables-topic/housing/mortgage-repayments-monthly-dollar-values-mred",4,TRUE,""
2021,"MRERD","2021 Census Dictionary category table","https://www.abs.gov.au/census/guide-census-data/census-dictionary/2021/variables-topic/housing/mortgage-repayments-monthly-ranges-mrerd",2,TRUE,""
2021,"MSTP","2021 Census Dictionary category table","https://www.abs.gov.au/census/guide-census-data/census-dictionary/2021/variables-topic/household-and-families/registered-marital-status-mstp",1,TRUE,""
2021,"MTW06P","2021 Census Dictionary category table","https://www.abs.gov.au/census/guide-census-data/census-dictionary/2021/variables-topic/transport/method-travel-work-6-travel-modes-mtw06p",1,TRUE,""
2021,"MTW15P","2021 Census Dictionary category table","https://www.abs.gov.au/census/guide-census-data/census-dictionary/2021/variables-topic/transport/method-travel-work-15-travel-modes-mtw15p",2,TRUE,""
2021,"MTWP","2021 Census Dictionary category table","https://www.abs.gov.au/census/guide-census-data/census-dictionary/2021/variables-topic/transport/method-travel-work-mtwp",3,TRUE,""
2021,"MV1D","2021 Census Dictionary category table","https://www.abs.gov.au/census/guide-census-data/census-dictionary/2021/variables-topic/location/household-one-year-mobility-indicator-mv1d",1,TRUE,""
2021,"MV5D","2021 Census Dictionary category table","https://www.abs.gov.au/census/guide-census-data/census-dictionary/2021/variables-topic/location/household-five-year-mobility-indicator-mv5d",1,TRUE,""
2021,"NPDD","2021 Census Dictionary category table","https://www.abs.gov.au/census/guide-census-data/census-dictionary/2021/variables-topic/housing/type-non-private-dwelling-npdd",2,TRUE,""
2021,"NPRD","2021 Census Dictionary category table","https://www.abs.gov.au/census/guide-census-data/census-dictionary/2021/variables-topic/household-and-families/number-persons-usually-resident-dwelling-nprd",1,TRUE,""
2021,"NRMRD","","https://www.abs.gov.au/census/guide-census-data/census-dictionary/2021/variables-index",7,FALSE,"not_enumerated_in_official_source"
2021,"NRMRP","","https://www.abs.gov.au/census/guide-census-data/census-dictionary/2021/variables-index",7,FALSE,"not_enumerated_in_official_source"
2021,"OCCEV1P","2021 Census Dictionary category table","https://www.abs.gov.au/census/guide-census-data/census-dictionary/2021/variables-topic/income-and-work/occupation-experimental-update-version-1-occev1p",6,TRUE,""
2021,"OCCP","2021 Census Dictionary category table","https://www.abs.gov.au/census/guide-census-data/census-dictionary/2021/variables-topic/income-and-work/occupation-occp",6,TRUE,""
2021,"OCSKEV1P","2021 Census Dictionary category table","https://www.abs.gov.au/census/guide-census-data/census-dictionary/2021/variables-topic/income-and-work/occupation-skill-level-experimental-update-version-1-ocskev1p",1,TRUE,""
2021,"OCSKP","2021 Census Dictionary category table","https://www.abs.gov.au/census/guide-census-data/census-dictionary/2021/variables-topic/income-and-work/occupation-skill-level-ocskp",1,TRUE,""
2021,"PHND","","https://www.abs.gov.au/census/guide-census-data/census-dictionary/2021/variables-index",6,FALSE,"not_enumerated_in_official_source"
2021,"PHNP","","https://www.abs.gov.au/census/guide-census-data/census-dictionary/2021/variables-index",6,FALSE,"not_enumerated_in_official_source"
2021,"POAD","","https://www.abs.gov.au/census/guide-census-data/census-dictionary/2021/variables-index",7,FALSE,"not_enumerated_in_official_source"
2021,"POAP","","https://www.abs.gov.au/census/guide-census-data/census-dictionary/2021/variables-index",7,FALSE,"not_enumerated_in_official_source"
2021,"POWAUST","","https://www.abs.gov.au/census/guide-census-data/census-dictionary/2021/variables-index",1,FALSE,"not_enumerated_in_official_source"
2021,"POWDZN","","https://www.abs.gov.au/census/guide-census-data/census-dictionary/2021/variables-index",9,FALSE,"not_enumerated_in_official_source"
2021,"POWGCCSA","","https://www.abs.gov.au/census/guide-census-data/census-dictionary/2021/variables-index",5,FALSE,"not_enumerated_in_official_source"
2021,"POWLGA","","https://www.abs.gov.au/census/guide-census-data/census-dictionary/2021/variables-index",8,FALSE,"not_enumerated_in_official_source"
2021,"POWLGAP22","","https://www.abs.gov.au/census/guide-census-data/census-dictionary/2021/variables-index",8,FALSE,"not_enumerated_in_official_source"
2021,"POWMB","","https://www.abs.gov.au/census/guide-census-data/census-dictionary/2021/variables-index",11,FALSE,"not_enumerated_in_official_source"
2021,"POWSA2","","https://www.abs.gov.au/census/guide-census-data/census-dictionary/2021/variables-index",9,FALSE,"not_enumerated_in_official_source"
2021,"POWSA3","","https://www.abs.gov.au/census/guide-census-data/census-dictionary/2021/variables-index",5,FALSE,"not_enumerated_in_official_source"
2021,"POWSA4","","https://www.abs.gov.au/census/guide-census-data/census-dictionary/2021/variables-index",3,FALSE,"not_enumerated_in_official_source"
2021,"POWSTE","","https://www.abs.gov.au/census/guide-census-data/census-dictionary/2021/variables-index",1,FALSE,"not_enumerated_in_official_source"
2021,"PUR1P","2021 Census Dictionary category table","https://www.abs.gov.au/census/guide-census-data/census-dictionary/2021/variables-topic/location/place-usual-residence-one-year-ago-pur1p",10,TRUE,""
2021,"PUR5P","2021 Census Dictionary category table","https://www.abs.gov.au/census/guide-census-data/census-dictionary/2021/variables-topic/location/place-usual-residence-five-years-ago-pur5p",10,TRUE,""
2021,"QALFP","2021 Census Dictionary category table","https://www.abs.gov.au/census/guide-census-data/census-dictionary/2021/variables-topic/education-and-training/non-school-qualification-field-study-qalfp",6,TRUE,""
2021,"QALLP","2021 Census Dictionary category table","https://www.abs.gov.au/census/guide-census-data/census-dictionary/2021/variables-topic/education-and-training/non-school-qualification-level-education-qallp",3,TRUE,""
2021,"RAD","","https://www.abs.gov.au/census/guide-census-data/census-dictionary/2021/variables-index",4,FALSE,"not_enumerated_in_official_source"
2021,"RAID","2021 Census Dictionary category table","https://www.abs.gov.au/census/guide-census-data/census-dictionary/2021/variables-topic/housing/rent-affordability-indicator-raid",1,TRUE,""
2021,"RAND","","https://www.abs.gov.au/census/guide-census-data/census-dictionary/2021/variables-index",1,FALSE,"not_enumerated_in_official_source"
2021,"RANP","","https://www.abs.gov.au/census/guide-census-data/census-dictionary/2021/variables-index",1,FALSE,"not_enumerated_in_official_source"
2021,"RAP","","https://www.abs.gov.au/census/guide-census-data/census-dictionary/2021/variables-index",4,FALSE,"not_enumerated_in_official_source"
2021,"RELP","2021 Census Dictionary category table","https://www.abs.gov.au/census/guide-census-data/census-dictionary/2021/variables-topic/cultural-diversity/religious-affiliation-relp",4,TRUE,""
2021,"RLCP","2021 Census Dictionary category table","https://www.abs.gov.au/census/guide-census-data/census-dictionary/2021/variables-topic/household-and-families/relationship-reported-couples-rlcp",1,TRUE,""
2021,"RLGP","2021 Census Dictionary category table","https://www.abs.gov.au/census/guide-census-data/census-dictionary/2021/variables-topic/household-and-families/relationship-household-including-grandchildren-rlgp",2,TRUE,""
2021,"RLHP","2021 Census Dictionary category table","https://www.abs.gov.au/census/guide-census-data/census-dictionary/2021/variables-topic/household-and-families/relationship-household-rlhp",2,TRUE,""
2021,"RLNP","2021 Census Dictionary category table","https://www.abs.gov.au/census/guide-census-data/census-dictionary/2021/variables-topic/housing/residential-status-non-private-dwelling-rlnp",1,TRUE,""
2021,"RNTD","2021 Census Dictionary category table","https://www.abs.gov.au/census/guide-census-data/census-dictionary/2021/variables-topic/housing/rent-weekly-dollar-values-rntd",4,TRUE,""
2021,"RNTRD","2021 Census Dictionary category table","https://www.abs.gov.au/census/guide-census-data/census-dictionary/2021/variables-topic/housing/rent-weekly-ranges-rntrd",2,TRUE,""
2021,"RPIP","2021 Census Dictionary category table","https://www.abs.gov.au/census/guide-census-data/census-dictionary/2021/variables-topic/household-and-families/familyhousehold-reference-person-indicator-rpip",1,TRUE,""
2021,"SA1UCD","","https://www.abs.gov.au/census/guide-census-data/census-dictionary/2021/variables-index",11,FALSE,"not_enumerated_in_official_source"
2021,"SA1UCP","","https://www.abs.gov.au/census/guide-census-data/census-dictionary/2021/variables-index",11,FALSE,"not_enumerated_in_official_source"
2021,"SA2UCD","","https://www.abs.gov.au/census/guide-census-data/census-dictionary/2021/variables-index",9,FALSE,"not_enumerated_in_official_source"
2021,"SA2UCP","","https://www.abs.gov.au/census/guide-census-data/census-dictionary/2021/variables-index",9,FALSE,"not_enumerated_in_official_source"
2021,"SA3UCD","","https://www.abs.gov.au/census/guide-census-data/census-dictionary/2021/variables-index",5,FALSE,"not_enumerated_in_official_source"
2021,"SA3UCP","","https://www.abs.gov.au/census/guide-census-data/census-dictionary/2021/variables-index",5,FALSE,"not_enumerated_in_official_source"
2021,"SA4UCD","","https://www.abs.gov.au/census/guide-census-data/census-dictionary/2021/variables-index",3,FALSE,"not_enumerated_in_official_source"
2021,"SA4UCP","","https://www.abs.gov.au/census/guide-census-data/census-dictionary/2021/variables-index",3,FALSE,"not_enumerated_in_official_source"
2021,"SALD","","https://www.abs.gov.au/census/guide-census-data/census-dictionary/2021/variables-index",8,FALSE,"not_enumerated_in_official_source"
2021,"SALP","","https://www.abs.gov.au/census/guide-census-data/census-dictionary/2021/variables-index",8,FALSE,"not_enumerated_in_official_source"
2021,"SED22D","","https://www.abs.gov.au/census/guide-census-data/census-dictionary/2021/variables-index",8,FALSE,"not_enumerated_in_official_source"
2021,"SEDD","","https://www.abs.gov.au/census/guide-census-data/census-dictionary/2021/variables-index",8,FALSE,"not_enumerated_in_official_source"
2021,"SEDP","","https://www.abs.gov.au/census/guide-census-data/census-dictionary/2021/variables-index",8,FALSE,"not_enumerated_in_official_source"
2021,"SEDP22","","https://www.abs.gov.au/census/guide-census-data/census-dictionary/2021/variables-index",8,FALSE,"not_enumerated_in_official_source"
2021,"SEXP","2021 Census Dictionary category table","https://www.abs.gov.au/census/guide-census-data/census-dictionary/2021/variables-topic/population/sex-sexp",1,TRUE,""
2021,"SIEMP","2021 Census Dictionary category table","https://www.abs.gov.au/census/guide-census-data/census-dictionary/2021/variables-topic/income-and-work/status-employment-siemp",1,TRUE,""
2021,"SLPP","2021 Census Dictionary category table","https://www.abs.gov.au/census/guide-census-data/census-dictionary/2021/variables-topic/household-and-families/sex-lone-parent-slpp",1,TRUE,""
2021,"SOSD","","https://www.abs.gov.au/census/guide-census-data/census-dictionary/2021/variables-index",5,FALSE,"not_enumerated_in_official_source"
2021,"SOSP","","https://www.abs.gov.au/census/guide-census-data/census-dictionary/2021/variables-index",5,FALSE,"not_enumerated_in_official_source"
2021,"SOSRD","","https://www.abs.gov.au/census/guide-census-data/census-dictionary/2021/variables-index",7,FALSE,"not_enumerated_in_official_source"
2021,"SOSRP","","https://www.abs.gov.au/census/guide-census-data/census-dictionary/2021/variables-index",7,FALSE,"not_enumerated_in_official_source"
2021,"SPIP","2021 Census Dictionary category table","https://www.abs.gov.au/census/guide-census-data/census-dictionary/2021/variables-topic/household-and-families/spousepartner-indicator-spip",1,TRUE,""
2021,"SPLF","2021 Census Dictionary category table","https://www.abs.gov.au/census/guide-census-data/census-dictionary/2021/variables-topic/household-and-families/location-spouse-splf",1,TRUE,""
2021,"SSCF","2021 Census Dictionary category table","https://www.abs.gov.au/census/guide-census-data/census-dictionary/2021/variables-topic/household-and-families/same-sex-couple-indicator-sscf",1,TRUE,""
2021,"STEU1P","","https://www.abs.gov.au/census/guide-census-data/census-dictionary/2021/variables-index",2,FALSE,"not_enumerated_in_official_source"
2021,"STEU5P","","https://www.abs.gov.au/census/guide-census-data/census-dictionary/2021/variables-index",2,FALSE,"not_enumerated_in_official_source"
2021,"STEUCD","","https://www.abs.gov.au/census/guide-census-data/census-dictionary/2021/variables-index",1,FALSE,"not_enumerated_in_official_source"
2021,"STEUCP","","https://www.abs.gov.au/census/guide-census-data/census-dictionary/2021/variables-index",1,FALSE,"not_enumerated_in_official_source"
2021,"STRD","2021 Census Dictionary category table","https://www.abs.gov.au/census/guide-census-data/census-dictionary/2021/variables-topic/housing/dwelling-structure-strd",2,TRUE,""
2021,"STUP","2021 Census Dictionary category table","https://www.abs.gov.au/census/guide-census-data/census-dictionary/2021/variables-topic/education-and-training/full-timepart-time-student-status-stup",1,TRUE,""
2021,"SUAD","","https://www.abs.gov.au/census/guide-census-data/census-dictionary/2021/variables-index",4,FALSE,"not_enumerated_in_official_source"
2021,"SUAP","","https://www.abs.gov.au/census/guide-census-data/census-dictionary/2021/variables-index",4,FALSE,"not_enumerated_in_official_source"
2021,"SVFP","2021 Census Dictionary category table","https://www.abs.gov.au/census/guide-census-data/census-dictionary/2021/variables-topic/national-reporting/level-workplace-participation-survey-comparison-flag-svfp",1,TRUE,""
2021,"SYNTHETIC_AEUID","","https://www.abs.gov.au/census/guide-census-data/census-dictionary/2021/variables-index",,FALSE,"not_enumerated_in_official_source"
2021,"TEND","2021 Census Dictionary category table","https://www.abs.gov.au/census/guide-census-data/census-dictionary/2021/variables-topic/housing/tenure-type-tend",1,TRUE,""
2021,"TENLLD","2021 Census Dictionary category table","https://www.abs.gov.au/census/guide-census-data/census-dictionary/2021/variables-topic/housing/tenure-and-landlord-type-tenlld",1,TRUE,""
2021,"TISP","2021 Census Dictionary category table","https://www.abs.gov.au/census/guide-census-data/census-dictionary/2021/variables-topic/population/number-children-ever-born-tisp",2,TRUE,""
2021,"TISRP","2021 Census Dictionary category table","https://www.abs.gov.au/census/guide-census-data/census-dictionary/2021/variables-topic/population/number-children-ever-born-ranges-tisrp",1,TRUE,""
2021,"TRD","","https://www.abs.gov.au/census/guide-census-data/census-dictionary/2021/variables-index",5,FALSE,"not_enumerated_in_official_source"
2021,"TRP","","https://www.abs.gov.au/census/guide-census-data/census-dictionary/2021/variables-index",5,FALSE,"not_enumerated_in_official_source"
2021,"TYPP","2021 Census Dictionary category table","https://www.abs.gov.au/census/guide-census-data/census-dictionary/2021/variables-topic/education-and-training/type-educational-institution-attending-typp",2,TRUE,""
2021,"TYSTAP","2021 Census Dictionary category table","https://www.abs.gov.au/census/guide-census-data/census-dictionary/2021/variables-topic/education-and-training/educational-institution-attendee-status-tystap",2,TRUE,""
2021,"UAI1P","2021 Census Dictionary category table","https://www.abs.gov.au/census/guide-census-data/census-dictionary/2021/variables-topic/location/usual-address-one-year-ago-indicator-uai1p",1,TRUE,""
2021,"UAI5P","2021 Census Dictionary category table","https://www.abs.gov.au/census/guide-census-data/census-dictionary/2021/variables-topic/location/usual-address-five-years-ago-indicator-uai5p",1,TRUE,""
2021,"UAICP","2021 Census Dictionary category table","https://www.abs.gov.au/census/guide-census-data/census-dictionary/2021/variables-topic/location/usual-address-indicator-census-night-uaicp",1,TRUE,""
2021,"UCLD","","https://www.abs.gov.au/census/guide-census-data/census-dictionary/2021/variables-index",9,FALSE,"not_enumerated_in_official_source"
2021,"UCLP","","https://www.abs.gov.au/census/guide-census-data/census-dictionary/2021/variables-index",9,FALSE,"not_enumerated_in_official_source"
2021,"UEFP","2021 Census Dictionary category table","https://www.abs.gov.au/census/guide-census-data/census-dictionary/2021/variables-topic/national-reporting-indicators/unemployment-flag-uefp",1,TRUE,""
2021,"UNCAREP","2021 Census Dictionary category table","https://www.abs.gov.au/census/guide-census-data/census-dictionary/2021/variables-topic/disability-and-carers/unpaid-assistance-person-disability-health-condition-or-due-old-age-uncarep",1,TRUE,""
2021,"VEHD","2021 Census Dictionary category table","https://www.abs.gov.au/census/guide-census-data/census-dictionary/2021/variables-topic/transport/number-motor-vehicles-vehd",2,TRUE,""
2021,"VEHRD","2021 Census Dictionary category table","https://www.abs.gov.au/census/guide-census-data/census-dictionary/2021/variables-topic/transport/number-motor-vehicles-ranges-vehrd",1,TRUE,""
2021,"VOLWP","2021 Census Dictionary category table","https://www.abs.gov.au/census/guide-census-data/census-dictionary/2021/variables-topic/unpaid-work-and-care/voluntary-work-organisation-or-group-volwp",1,TRUE,""
2021,"WTNSQP","2021 Census Dictionary category table","https://www.abs.gov.au/census/guide-census-data/census-dictionary/2021/variables-topic/national-reporting-indicators/people-or-working-towards-non-school-qualification-wtnsqp",1,TRUE,""
2021,"YARP","2021 Census Dictionary category table","https://www.abs.gov.au/census/guide-census-data/census-dictionary/2021/variables-topic/cultural-diversity/year-arrival-australia-yarp",4,TRUE,""
2021,"YARRP","2021 Census Dictionary category table","https://www.abs.gov.au/census/guide-census-data/census-dictionary/2021/variables-topic/cultural-diversity/year-arrival-australia-ranges-yarrp",1,TRUE,""
2021,"YR12C2P","2021 Census Dictionary category table","https://www.abs.gov.au/census/guide-census-data/census-dictionary/2021/variables-topic/national-reporting-indicators/attainment-year-12-or-certificate-ii-or-higher-yr12c2p",1,TRUE,""
2021,"YR12C3P","2021 Census Dictionary category table","https://www.abs.gov.au/census/guide-census-data/census-dictionary/2021/variables-topic/national-reporting-indicators/attainment-year-12-or-certificate-iii-or-higher-yr12c3p",1,TRUE,""
