sa2_code	sa3_code	sa4_code	state	mb_count
101021007	10102	101	1	180
101021008	10102	101	1	98
101021009	10102	101	1	173
101021010	10102	101	1	100
101021012	10102	101	1	154
101021610	10102	101	1	66
101021611	10102	101	1	240
101031013	10103	101	1	101
101031014	10103	101	1	128
101031015	10103	101	1	124
101031016	10103	101	1	167
101041017	10104	101	1	211
101041018	10104	101	1	256
101041019	10104	101	1	196
101041020	10104	101	1	309
101041021	10104	101	1	91
101041022	10104	101	1	56
101041023	10104	101	1	82
101041024	10104	101	1	206
101041025	10104	101	1	258
101041026	10104	101	1	206
101041027	10104	101	1	373
101051539	10105	101	1	431
101051540	10105	101	1	359
101061541	10106	101	1	109
101061542	10106	101	1	201
101061543	10106	101	1	209
101061544	10106	101	1	204
102011028	10201	102	1	145
102011029	10201	102	1	212
102011030	10201	102	1	164
102011031	10201	102	1	210
102011032	10201	102	1	410
102011033	10201	102	1	68
102011034	10201	102	1	100
102011035	10201	102	1	88
102011036	10201	102	1	106
102011037	10201	102	1	108
102011038	10201	102	1	121
102011039	10201	102	1	230
102011040	10201	102	1	424
102011041	10201	102	1	144
102011042	10201	102	1	264
102011043	10201	102	1	146
102021044	10202	102	1	284
102021045	10202	102	1	131
102021046	10202	102	1	160
102021047	10202	102	1	223
102021048	10202	102	1	314
102021049	10202	102	1	48
102021050	10202	102	1	180
102021051	10202	102	1	75
102021052	10202	102	1	100
102021053	10202	102	1	355
102021054	10202	102	1	159
102021055	10202	102	1	128
102021056	10202	102	1	189
102021057	10202	102	1	149
103011059	10301	103	1	142
103011060	10301	103	1	150
103011061	10301	103	1	201
103011612	10301	103	1	184
103011613	10301	103	1	170
103021062	10302	103	1	159
103021063	10302	103	1	171
103021064	10302	103	1	133
103021065	10302	103	1	241
103021066	10302	103	1	94
103021067	10302	103	1	196
103021068	10302	103	1	87
103021069	10302	103	1	154
103031070	10303	103	1	231
103031071	10303	103	1	201
103031072	10303	103	1	177
103031073	10303	103	1	146
103031074	10303	103	1	407
103031075	10303	103	1	20
103041076	10304	103	1	131
103041077	10304	103	1	349
103041078	10304	103	1	248
103041079	10304	103	1	226
104011080	10401	104	1	321
104011081	10401	104	1	467
104011082	10401	104	1	415
104021083	10402	104	1	204
104021084	10402	104	1	314
104021085	10402	104	1	227
104021086	10402	104	1	91
104021087	10402	104	1	147
104021088	10402	104	1	158
104021089	10402	104	1	321
104021090	10402	104	1	151
104021091	10402	104	1	297
105011092	10501	105	1	124
105011093	10501	105	1	147
105011094	10501	105	1	101
105011095	10501	105	1	163
105011096	10501	105	1	165
105021097	10502	105	1	316
105021098	10502	105	1	260
105031099	10503	105	1	179
105031100	10503	105	1	189
105031101	10503	105	1	277
105031102	10503	105	1	136
105031103	10503	105	1	123
105031104	10503	105	1	87
105031105	10503	105	1	105
105031106	10503	105	1	173
106011107	10601	106	1	164
106011108	10601	106	1	300
106011109	10601	106	1	173
106011110	10601	106	1	209
106011111	10601	106	1	279
106011112	10601	106	1	248
106011113	10601	106	1	165
106021114	10602	106	1	146
106021116	10602	106	1	86
106021614	10602	106	1	287
106021615	10602	106	1	185
106021616	10602	106	1	113
106021617	10602	106	1	126
106021618	10602	106	1	163
106031119	10603	106	1	108
106031120	10603	106	1	139
106031121	10603	106	1	473
106031122	10603	106	1	218
106031123	10603	106	1	60
106031124	10603	106	1	178
106031125	10603	106	1	191
106041126	10604	106	1	216
106041127	10604	106	1	75
106041128	10604	106	1	96
106041129	10604	106	1	259
107011131	10701	107	1	351
107011132	10701	107	1	122
107011133	10701	107	1	20
107011134	10701	107	1	259
107011545	10701	107	1	210
107011546	10701	107	1	175
107011547	10701	107	1	66
107021135	10702	107	1	42
107031136	10703	107	1	232
107031137	10703	107	1	120
107031138	10703	107	1	136
107031139	10703	107	1	96
107031140	10703	107	1	149
107031141	10703	107	1	238
107031142	10703	107	1	159
107031143	10703	107	1	288
107041144	10704	107	1	310
107041145	10704	107	1	227
107041146	10704	107	1	295
107041147	10704	107	1	139
107041148	10704	107	1	198
107041150	10704	107	1	279
107041548	10704	107	1	270
107041549	10704	107	1	228
108011151	10801	108	1	162
108011152	10801	108	1	322
108011153	10801	108	1	244
108011154	10801	108	1	137
108021155	10802	108	1	235
108021156	10802	108	1	293
108021157	10802	108	1	245
108021158	10802	108	1	169
108021159	10802	108	1	183
108021160	10802	108	1	119
108031161	10803	108	1	16
108041162	10804	108	1	428
108041164	10804	108	1	367
108041165	10804	108	1	171
108041166	10804	108	1	173
108041619	10804	108	1	249
108041620	10804	108	1	256
108051167	10805	108	1	187
108051168	10805	108	1	230
108051169	10805	108	1	370
108051170	10805	108	1	259
108051171	10805	108	1	89
109011172	10901	109	1	242
109011173	10901	109	1	165
109011174	10901	109	1	230
109011175	10901	109	1	310
109011176	10901	109	1	214
109021177	10902	109	1	79
109021178	10902	109	1	114
109021179	10902	109	1	160
109031180	10903	109	1	116
109031181	10903	109	1	222
109031182	10903	109	1	132
109031183	10903	109	1	250
109031184	10903	109	1	99
109031185	10903	109	1	257
110011186	11001	110	1	426
110011187	11001	110	1	150
110011188	11001	110	1	104
110011189	11001	110	1	120
110021190	11002	110	1	204
110021191	11002	110	1	171
110021192	11002	110	1	147
110021193	11002	110	1	173
110021194	11002	110	1	226
110031195	11003	110	1	171
110031196	11003	110	1	120
110031197	11003	110	1	112
110031198	11003	110	1	110
110041199	11004	110	1	195
110041200	11004	110	1	106
110041201	11004	110	1	150
110041202	11004	110	1	273
110041203	11004	110	1	236
110041204	11004	110	1	94
110041205	11004	110	1	358
111011206	11101	111	1	278
111011207	11101	111	1	101
111011208	11101	111	1	374
111011209	11101	111	1	352
111011210	11101	111	1	121
111011211	11101	111	1	48
111011212	11101	111	1	233
111011213	11101	111	1	209
111011214	11101	111	1	206
111021215	11102	111	1	138
111021216	11102	111	1	138
111021217	11102	111	1	186
111021218	11102	111	1	284
111021219	11102	111	1	242
111021220	11102	111	1	159
111021221	11102	111	1	95
111031222	11103	111	1	207
111031223	11103	111	1	130
111031224	11103	111	1	206
111031225	11103	111	1	218
111031226	11103	111	1	193
111031227	11103	111	1	235
111031228	11103	111	1	185
111031229	11103	111	1	227
111031230	11103	111	1	11
111031231	11103	111	1	141
111031232	11103	111	1	119
111031233	11103	111	1	293
111031234	11103	111	1	156
111031235	11103	111	1	165
112011236	11201	112	1	354
112011237	11201	112	1	238
112011238	11201	112	1	77
112011239	11201	112	1	191
112011240	11201	112	1	220
112011241	11201	112	1	139
112011242	11201	112	1	134
112011243	11201	112	1	141
112021244	11202	112	1	179
112021245	11202	112	1	253
112021246	11202	112	1	147
112021247	11202	112	1	181
112021248	11202	112	1	267
112021249	11202	112	1	196
112031250	11203	112	1	239
112031251	11203	112	1	193
112031252	11203	112	1	173
112031253	11203	112	1	246
112031254	11203	112	1	305
112031550	11203	112	1	211
112031551	11203	112	1	37
112031552	11203	112	1	149
113011256	11301	113	1	288
113011257	11301	113	1	378
113011258	11301	113	1	180
113011259	11301	113	1	184
113021260	11302	113	1	143
113021261	11302	113	1	123
113021262	11302	113	1	181
113031263	11303	113	1	147
113031264	11303	113	1	91
113031265	11303	113	1	98
113031266	11303	113	1	218
113031267	11303	113	1	269
113031268	11303	113	1	62
113031269	11303	113	1	300
113031270	11303	113	1	249
113031271	11303	113	1	335
114011272	11401	114	1	169
114011273	11401	114	1	114
114011274	11401	114	1	138
114011275	11401	114	1	36
114011276	11401	114	1	131
114011277	11401	114	1	264
114011278	11401	114	1	332
114011279	11401	114	1	263
114011280	11401	114	1	133
114011281	11401	114	1	63
114011282	11401	114	1	375
114011283	11401	114	1	197
114021284	11402	114	1	225
114021285	11402	114	1	96
114021286	11402	114	1	174
114021287	11402	114	1	172
114021288	11402	114	1	91
114021289	11402	114	1	139
115011290	11501	115	1	247
115011291	11501	115	1	203
115011294	11501	115	1	76
115011296	11501	115	1	135
115011553	11501	115	1	98
115011554	11501	115	1	38
115011555	11501	115	1	134
115011556	11501	115	1	95
115011557	11501	115	1	46
115011558	11501	115	1	184
115011621	11501	115	1	170
115011622	11501	115	1	78
115021297	11502	115	1	237
115021298	11502	115	1	85
115031299	11503	115	1	110
115031300	11503	115	1	215
115041301	11504	115	1	128
115041623	11504	115	1	118
115041624	11504	115	1	131
115041625	11504	115	1	182
116011303	11601	116	1	240
116011304	11601	116	1	196
116011306	11601	116	1	238
116011307	11601	116	1	301
116011560	11601	116	1	116
116011561	11601	116	1	154
116011626	11601	116	1	161
116011627	11601	116	1	139
116021309	11602	116	1	139
116021562	11602	116	1	33
116021563	11602	116	1	219
116021628	11602	116	1	168
116021629	11602	116	1	105
116021630	11602	116	1	163
116021631	11602	116	1	74
116021632	11602	116	1	157
116021633	11602	116	1	108
116031313	11603	116	1	182
116031314	11603	116	1	77
116031315	11603	116	1	187
116031316	11603	116	1	216
116031317	11603	116	1	222
116031318	11603	116	1	19
116031319	11603	116	1	220
117011320	11701	117	1	13
117011321	11701	117	1	124
117011323	11701	117	1	143
117011324	11701	117	1	8
117011325	11701	117	1	3
117011634	11701	117	1	105
117011635	11701	117	1	134
117021327	11702	117	1	260
117021328	11702	117	1	111
117021636	11702	117	1	160
117021637	11702	117	1	193
117031329	11703	117	1	178
117031330	11703	117	1	195
117031331	11703	117	1	274
117031333	11703	117	1	309
117031336	11703	117	1	201
117031638	11703	117	1	109
117031639	11703	117	1	62
117031640	11703	117	1	210
117031641	11703	117	1	80
117031642	11703	117	1	149
117031643	11703	117	1	88
117031644	11703	117	1	192
117031645	11703	117	1	94
117031646	11703	117	1	59
117031647	11703	117	1	92
117031648	11703	117	1	58
118011339	11801	118	1	274
118011340	11801	118	1	291
118011341	11801	118	1	229
118011342	11801	118	1	8
118011344	11801	118	1	147
118011345	11801	118	1	234
118011346	11801	118	1	174
118011347	11801	118	1	118
118011649	11801	118	1	208
118011650	11801	118	1	184
118021564	11802	118	1	134
118021565	11802	118	1	152
118021566	11802	118	1	107
118021567	11802	118	1	132
118021568	11802	118	1	87
118021569	11802	118	1	203
118021570	11802	118	1	169
118021651	11802	118	1	311
118021652	11802	118	1	105
118021653	11802	118	1	119
118021654	11802	118	1	63
119011354	11901	119	1	259
119011355	11901	119	1	23
119011356	11901	119	1	157
119011358	11901	119	1	199
119011360	11901	119	1	184
119011361	11901	119	1	211
119011571	11901	119	1	201
119011572	11901	119	1	206
119011655	11901	119	1	142
119011656	11901	119	1	115
119011657	11901	119	1	115
119011658	11901	119	1	170
119021362	11902	119	1	219
119021366	11902	119	1	205
119021367	11902	119	1	157
119021573	11902	119	1	181
119021574	11902	119	1	105
119021659	11902	119	1	119
119021660	11902	119	1	109
119021661	11902	119	1	102
119021662	11902	119	1	211
119021663	11902	119	1	81
119031370	11903	119	1	172
119031371	11903	119	1	170
119031372	11903	119	1	256
119031373	11903	119	1	115
119031374	11903	119	1	301
119031664	11903	119	1	117
119031665	11903	119	1	109
119031666	11903	119	1	171
119031667	11903	119	1	122
119041377	11904	119	1	180
119041378	11904	119	1	150
119041379	11904	119	1	219
119041380	11904	119	1	220
119041381	11904	119	1	229
119041382	11904	119	1	253
119041668	11904	119	1	157
119041669	11904	119	1	117
119041670	11904	119	1	183
119041671	11904	119	1	43
120011383	12001	120	1	231
120011385	12001	120	1	261
120011386	12001	120	1	272
120011672	12001	120	1	145
120011673	12001	120	1	46
120021387	12002	120	1	228
120021389	12002	120	1	193
120021674	12002	120	1	132
120021675	12002	120	1	225
120031392	12003	120	1	134
120031393	12003	120	1	212
120031394	12003	120	1	218
120031395	12003	120	1	195
120031396	12003	120	1	200
120031576	12003	120	1	49
120031676	12003	120	1	162
120031677	12003	120	1	146
120031678	12003	120	1	160
120031679	12003	120	1	138
120031680	12003	120	1	166
120031681	12003	120	1	102
121011399	12101	121	1	310
121011401	12101	121	1	165
121011682	12101	121	1	115
121011683	12101	121	1	223
121011684	12101	121	1	200
121011685	12101	121	1	164
121011686	12101	121	1	200
121011687	12101	121	1	144
121021403	12102	121	1	247
121021404	12102	121	1	152
121021406	12102	121	1	215
121021577	12102	121	1	163
121021578	12102	121	1	144
121021579	12102	121	1	101
121031407	12103	121	1	251
121031408	12103	121	1	291
121031409	12103	121	1	182
121031410	12103	121	1	241
121031411	12103	121	1	251
121031412	12103	121	1	204
121041413	12104	121	1	300
121041414	12104	121	1	299
121041416	12104	121	1	287
121041417	12104	121	1	193
121041688	12104	121	1	212
121041689	12104	121	1	229
122011418	12201	122	1	264
122011419	12201	122	1	364
122021420	12202	122	1	206
122021421	12202	122	1	138
122021422	12202	122	1	169
122021690	12202	122	1	187
122021691	12202	122	1	113
122031424	12203	122	1	164
122031425	12203	122	1	96
122031427	12203	122	1	144
122031429	12203	122	1	324
122031430	12203	122	1	210
122031432	12203	122	1	62
122031692	12203	122	1	105
122031693	12203	122	1	175
122031694	12203	122	1	112
122031695	12203	122	1	215
122031696	12203	122	1	207
122031697	12203	122	1	140
123011433	12301	123	1	151
123011698	12301	123	1	82
123011699	12301	123	1	154
123011700	12301	123	1	105
123011701	12301	123	1	189
123011702	12301	123	1	93
123021436	12302	123	1	219
123021437	12302	123	1	270
123021438	12302	123	1	241
123021439	12302	123	1	4
123021441	12302	123	1	198
123021443	12302	123	1	222
123021444	12302	123	1	221
123021703	12302	123	1	127
123021704	12302	123	1	108
123021705	12302	123	1	218
123021706	12302	123	1	171
123031445	12303	123	1	57
123031446	12303	123	1	107
123031447	12303	123	1	215
123031448	12303	123	1	99
124011449	12401	124	1	137
124011450	12401	124	1	249
124011451	12401	124	1	18
124011452	12401	124	1	294
124011453	12401	124	1	170
124011454	12401	124	1	273
124011455	12401	124	1	114
124021456	12402	124	1	22
124031457	12403	124	1	186
124031459	12403	124	1	173
124031460	12403	124	1	202
124031461	12403	124	1	208
124031462	12403	124	1	318
124031463	12403	124	1	155
124031464	12403	124	1	257
124031465	12403	124	1	64
124031707	12403	124	1	215
124031708	12403	124	1	111
124041466	12404	124	1	211
124041467	12404	124	1	222
124041468	12404	124	1	86
124051469	12405	124	1	74
124051470	12405	124	1	201
124051580	12405	124	1	133
124051581	12405	124	1	262
125011475	12501	125	1	1
125011582	12501	125	1	150
125011583	12501	125	1	117
125011584	12501	125	1	79
125011585	12501	125	1	80
125011586	12501	125	1	213
125011587	12501	125	1	67
125011709	12501	125	1	125
125011710	12501	125	1	63
125021477	12502	125	1	266
125021478	12502	125	1	215
125021711	12502	125	1	117
125021712	12502	125	1	166
125031479	12503	125	1	194
125031480	12503	125	1	188
125031481	12503	125	1	249
125031483	12503	125	1	241
125031484	12503	125	1	225
125031486	12503	125	1	40
125031487	12503	125	1	17
125031713	12503	125	1	188
125031714	12503	125	1	250
125031715	12503	125	1	113
125031716	12503	125	1	71
125041489	12504	125	1	309
125041490	12504	125	1	111
125041491	12504	125	1	247
125041493	12504	125	1	284
125041494	12504	125	1	125
125041588	12504	125	1	157
125041589	12504	125	1	222
125041717	12504	125	1	110
125041718	12504	125	1	129
125041719	12504	125	1	141
126011496	12601	126	1	245
126011720	12601	126	1	153
126011721	12601	126	1	171
126021498	12602	126	1	201
126021499	12602	126	1	124
126021500	12602	126	1	267
126021501	12602	126	1	160
126021503	12602	126	1	239
126021590	12602	126	1	59
126021722	12602	126	1	78
126021723	12602	126	1	216
126021724	12602	126	1	227
126021725	12602	126	1	77
127011504	12701	127	1	172
127011505	12701	127	1	120
127011592	12701	127	1	5
127011593	12701	127	1	76
127011594	12701	127	1	114
127011595	12701	127	1	107
127011596	12701	127	1	106
127011597	12701	127	1	137
127011726	12701	127	1	45
127011727	12701	127	1	120
127011728	12701	127	1	98
127011729	12701	127	1	137
127021509	12702	127	1	179
127021510	12702	127	1	197
127021511	12702	127	1	271
127021512	12702	127	1	183
127021513	12702	127	1	252
127021514	12702	127	1	104
127021515	12702	127	1	193
127021516	12702	127	1	202
127021517	12702	127	1	101
127021518	12702	127	1	55
127021519	12702	127	1	203
127021520	12702	127	1	122
127021521	12702	127	1	40
127031522	12703	127	1	164
127031523	12703	127	1	223
127031524	12703	127	1	211
127031599	12703	127	1	116
127031601	12703	127	1	89
127031730	12703	127	1	80
127031731	12703	127	1	184
127031732	12703	127	1	140
127031733	12703	127	1	140
128011529	12801	128	1	189
128011530	12801	128	1	220
128011531	12801	128	1	169
128011602	12801	128	1	155
128011603	12801	128	1	125
128011604	12801	128	1	438
128011605	12801	128	1	34
128011606	12801	128	1	110
128021533	12802	128	1	89
128021534	12802	128	1	130
128021535	12802	128	1	271
128021536	12802	128	1	259
128021537	12802	128	1	10
128021538	12802	128	1	267
128021607	12802	128	1	212
128021608	12802	128	1	89
128021609	12802	128	1	55
197979799	19797	197	1	8
199999499	19999	199	1	1
201011001	20101	201	2	196
201011002	20101	201	2	241
201011005	20101	201	2	85
201011006	20101	201	2	124
201011007	20101	201	2	30
201011008	20101	201	2	207
201011481	20101	201	2	150
201011482	20101	201	2	214
201011483	20101	201	2	171
201011484	20101	201	2	196
201021009	20102	201	2	108
201021010	20102	201	2	195
201021011	20102	201	2	345
201021012	20102	201	2	99
201031013	20103	201	2	102
201031014	20103	201	2	107
201031015	20103	201	2	88
201031016	20103	201	2	169
201031017	20103	201	2	252
202011018	20201	202	2	307
202011019	20201	202	2	201
202011020	20201	202	2	218
202011021	20201	202	2	150
202011022	20201	202	2	331
202011023	20201	202	2	63
202011024	20201	202	2	112
202011025	20201	202	2	191
202021026	20202	202	2	108
202021027	20202	202	2	214
202021028	20202	202	2	260
202021029	20202	202	2	100
202021030	20202	202	2	173
202021031	20202	202	2	91
202031032	20203	202	2	113
202031033	20203	202	2	240
203011034	20301	203	2	61
203011035	20301	203	2	119
203011036	20301	203	2	101
203021037	20302	203	2	207
203021039	20302	203	2	272
203021040	20302	203	2	323
203021042	20302	203	2	285
203021043	20302	203	2	226
203021044	20302	203	2	160
203021045	20302	203	2	208
203021046	20302	203	2	257
203021047	20302	203	2	258
203021485	20302	203	2	105
203021486	20302	203	2	236
203021487	20302	203	2	266
203021488	20302	203	2	138
203031048	20303	203	2	283
203031049	20303	203	2	280
203031051	20303	203	2	274
203031052	20303	203	2	174
203031053	20303	203	2	351
203031489	20303	203	2	179
203031490	20303	203	2	311
204011054	20401	204	2	186
204011055	20401	204	2	141
204011056	20401	204	2	206
204011057	20401	204	2	261
204011058	20401	204	2	86
204011059	20401	204	2	113
204011060	20401	204	2	61
204011061	20401	204	2	15
204011062	20401	204	2	88
204021063	20402	204	2	170
204021064	20402	204	2	94
204021065	20402	204	2	94
204021066	20402	204	2	326
204021067	20402	204	2	227
204031068	20403	204	2	98
204031069	20403	204	2	256
204031070	20403	204	2	65
204031071	20403	204	2	109
204031072	20403	204	2	248
204031073	20403	204	2	199
204031075	20403	204	2	83
204031491	20403	204	2	148
204031492	20403	204	2	295
205011076	20501	205	2	221
205011077	20501	205	2	191
205011078	20501	205	2	114
205011079	20501	205	2	291
205021080	20502	205	2	14
205021081	20502	205	2	239
205021082	20502	205	2	317
205021083	20502	205	2	5
205021084	20502	205	2	270
205021085	20502	205	2	370
205021086	20502	205	2	160
205031087	20503	205	2	343
205031088	20503	205	2	9
205031089	20503	205	2	124
205031090	20503	205	2	178
205031091	20503	205	2	447
205031092	20503	205	2	21
205031093	20503	205	2	557
205041094	20504	205	2	183
205041095	20504	205	2	290
205041096	20504	205	2	255
205041098	20504	205	2	67
205041493	20504	205	2	189
205041494	20504	205	2	211
205051099	20505	205	2	31
205051100	20505	205	2	437
205051101	20505	205	2	277
205051102	20505	205	2	76
205051103	20505	205	2	242
205051104	20505	205	2	318
206011106	20601	206	2	160
206011107	20601	206	2	212
206011109	20601	206	2	118
206011495	20601	206	2	175
206011496	20601	206	2	196
206011497	20601	206	2	186
206011498	20601	206	2	145
206021110	20602	206	2	132
206021112	20602	206	2	264
206021499	20602	206	2	190
206021500	20602	206	2	162
206031113	20603	206	2	182
206031115	20603	206	2	124
206031116	20603	206	2	204
206031501	20603	206	2	195
206031502	20603	206	2	179
206041117	20604	206	2	204
206041118	20604	206	2	67
206041119	20604	206	2	90
206041120	20604	206	2	1
206041121	20604	206	2	160
206041124	20604	206	2	91
206041125	20604	206	2	97
206041127	20604	206	2	14
206041503	20604	206	2	119
206041504	20604	206	2	71
206041505	20604	206	2	114
206041506	20604	206	2	186
206041507	20604	206	2	2
206041508	20604	206	2	34
206041509	20604	206	2	67
206041510	20604	206	2	62
206051128	20605	206	2	216
206051129	20605	206	2	237
206051130	20605	206	2	201
206051134	20605	206	2	258
206051511	20605	206	2	74
206051512	20605	206	2	197
206051513	20605	206	2	206
206051514	20605	206	2	246
206061135	20606	206	2	156
206061136	20606	206	2	321
206061138	20606	206	2	210
206061515	20606	206	2	136
206061516	20606	206	2	180
206071139	20607	206	2	114
206071140	20607	206	2	113
206071141	20607	206	2	134
206071142	20607	206	2	178
206071143	20607	206	2	183
206071145	20607	206	2	152
206071517	20607	206	2	379
206071518	20607	206	2	185
207011146	20701	207	2	103
207011147	20701	207	2	220
207011148	20701	207	2	228
207011149	20701	207	2	275
207011150	20701	207	2	207
207011152	20701	207	2	215
207011154	20701	207	2	97
207011155	20701	207	2	221
207011519	20701	207	2	153
207011520	20701	207	2	180
207011521	20701	207	2	162
207011522	20701	207	2	182
207021156	20702	207	2	145
207021157	20702	207	2	277
207021159	20702	207	2	188
207021160	20702	207	2	151
207021424	20702	207	2	168
207021425	20702	207	2	180
207031161	20703	207	2	284
207031162	20703	207	2	115
207031163	20703	207	2	299
207031164	20703	207	2	201
207031165	20703	207	2	142
207031166	20703	207	2	116
207031167	20703	207	2	119
208011168	20801	208	2	169
208011169	20801	208	2	333
208011170	20801	208	2	177
208011171	20801	208	2	159
208011172	20801	208	2	213
208011173	20801	208	2	240
208021174	20802	208	2	287
208021176	20802	208	2	229
208021177	20802	208	2	257
208021178	20802	208	2	215
208021179	20802	208	2	162
208021180	20802	208	2	91
208021181	20802	208	2	113
208021182	20802	208	2	172
208021426	20802	208	2	156
208021427	20802	208	2	139
208031183	20803	208	2	91
208031184	20803	208	2	34
208031185	20803	208	2	210
208031186	20803	208	2	241
208031187	20803	208	2	65
208031188	20803	208	2	316
208031189	20803	208	2	203
208031190	20803	208	2	205
208031191	20803	208	2	155
208031192	20803	208	2	2
208031193	20803	208	2	296
208041194	20804	208	2	326
208041195	20804	208	2	296
209011196	20901	209	2	105
209011197	20901	209	2	246
209011198	20901	209	2	207
209011199	20901	209	2	205
209011200	20901	209	2	177
209011201	20901	209	2	99
209011202	20901	209	2	201
209011203	20901	209	2	219
209011204	20901	209	2	108
209021205	20902	209	2	99
209021428	20902	209	2	290
209021429	20902	209	2	151
209021523	20902	209	2	184
209021524	20902	209	2	115
209021525	20902	209	2	157
209021526	20902	209	2	189
209031209	20903	209	2	264
209031210	20903	209	2	42
209031211	20903	209	2	60
209031212	20903	209	2	72
209031213	20903	209	2	120
209031214	20903	209	2	89
209031215	20903	209	2	152
209041216	20904	209	2	69
209041217	20904	209	2	88
209041220	20904	209	2	187
209041221	20904	209	2	129
209041223	20904	209	2	279
209041224	20904	209	2	243
209041225	20904	209	2	143
209041431	20904	209	2	128
209041432	20904	209	2	133
209041433	20904	209	2	121
209041435	20904	209	2	114
209041436	20904	209	2	130
209041437	20904	209	2	234
209041527	20904	209	2	157
209041528	20904	209	2	95
209041529	20904	209	2	115
209041530	20904	209	2	138
209041531	20904	209	2	112
209041532	20904	209	2	119
210011226	21001	210	2	126
210011227	21001	210	2	1
210011228	21001	210	2	153
210011230	21001	210	2	92
210011231	21001	210	2	123
210011533	21001	210	2	146
210011534	21001	210	2	171
210021232	21002	210	2	145
210021233	21002	210	2	51
210021234	21002	210	2	41
210021235	21002	210	2	114
210031236	21003	210	2	153
210031237	21003	210	2	150
210031439	21003	210	2	26
210031440	21003	210	2	69
210031535	21003	210	2	155
210031536	21003	210	2	98
210031537	21003	210	2	90
210031538	21003	210	2	196
210041240	21004	210	2	139
210041539	21004	210	2	65
210041540	21004	210	2	198
210041541	21004	210	2	115
210051242	21005	210	2	141
210051243	21005	210	2	244
210051245	21005	210	2	206
210051246	21005	210	2	207
210051247	21005	210	2	135
210051248	21005	210	2	5
210051250	21005	210	2	94
210051441	21005	210	2	74
210051442	21005	210	2	103
210051443	21005	210	2	209
210051445	21005	210	2	305
210051542	21005	210	2	83
210051543	21005	210	2	112
210051544	21005	210	2	94
210051545	21005	210	2	100
211011251	21101	211	2	167
211011254	21101	211	2	183
211011255	21101	211	2	58
211011256	21101	211	2	142
211011257	21101	211	2	76
211011258	21101	211	2	101
211011259	21101	211	2	145
211011260	21101	211	2	177
211011446	21101	211	2	283
211011447	21101	211	2	171
211011448	21101	211	2	186
211011449	21101	211	2	47
211021261	21102	211	2	192
211021262	21102	211	2	138
211031263	21103	211	2	156
211031265	21103	211	2	191
211031266	21103	211	2	269
211031267	21103	211	2	247
211031268	21103	211	2	105
211031450	21103	211	2	204
211031451	21103	211	2	155
211031452	21103	211	2	57
211041269	21104	211	2	118
211041270	21104	211	2	214
211041271	21104	211	2	149
211041272	21104	211	2	117
211041273	21104	211	2	123
211051274	21105	211	2	129
211051275	21105	211	2	107
211051276	21105	211	2	195
211051277	21105	211	2	105
211051278	21105	211	2	222
211051279	21105	211	2	69
211051280	21105	211	2	80
211051281	21105	211	2	240
211051282	21105	211	2	143
211051283	21105	211	2	111
211051284	21105	211	2	106
211051285	21105	211	2	76
211051286	21105	211	2	262
212011289	21201	212	2	242
212011546	21201	212	2	257
212011547	21201	212	2	123
212011548	21201	212	2	129
212011549	21201	212	2	142
212011550	21201	212	2	58
212011551	21201	212	2	85
212011552	21201	212	2	273
212021293	21202	212	2	283
212021295	21202	212	2	142
212021297	21202	212	2	127
212021299	21202	212	2	93
212021453	21202	212	2	129
212021454	21202	212	2	151
212021455	21202	212	2	133
212021456	21202	212	2	168
212021553	21202	212	2	153
212021554	21202	212	2	108
212031300	21203	212	2	255
212031303	21203	212	2	202
212031304	21203	212	2	183
212031306	21203	212	2	134
212031308	21203	212	2	95
212031457	21203	212	2	117
212031458	21203	212	2	138
212031555	21203	212	2	89
212031556	21203	212	2	146
212031557	21203	212	2	182
212031558	21203	212	2	116
212031559	21203	212	2	97
212031560	21203	212	2	114
212031561	21203	212	2	116
212031562	21203	212	2	130
212041309	21204	212	2	129
212041310	21204	212	2	160
212041312	21204	212	2	258
212041313	21204	212	2	119
212041316	21204	212	2	83
212041317	21204	212	2	252
212041318	21204	212	2	124
212041459	21204	212	2	153
212041460	21204	212	2	204
212041563	21204	212	2	311
212041564	21204	212	2	196
212041565	21204	212	2	179
212041566	21204	212	2	135
212051319	21205	212	2	231
212051321	21205	212	2	213
212051322	21205	212	2	241
212051323	21205	212	2	180
212051324	21205	212	2	256
212051325	21205	212	2	225
212051326	21205	212	2	315
212051327	21205	212	2	204
212051567	21205	212	2	92
212051568	21205	212	2	145
213011328	21301	213	2	101
213011329	21301	213	2	102
213011331	21301	213	2	89
213011332	21301	213	2	156
213011333	21301	213	2	144
213011334	21301	213	2	220
213011335	21301	213	2	182
213011336	21301	213	2	135
213011337	21301	213	2	183
213011338	21301	213	2	207
213011339	21301	213	2	122
213011340	21301	213	2	182
213011569	21301	213	2	200
213011570	21301	213	2	89
213021341	21302	213	2	210
213021342	21302	213	2	225
213021343	21302	213	2	182
213021344	21302	213	2	266
213021345	21302	213	2	64
213021346	21302	213	2	264
213031347	21303	213	2	230
213031348	21303	213	2	265
213031349	21303	213	2	148
213031350	21303	213	2	115
213031351	21303	213	2	154
213031352	21303	213	2	206
213041353	21304	213	2	281
213041358	21304	213	2	222
213041359	21304	213	2	223
213041360	21304	213	2	160
213041461	21304	213	2	48
213041462	21304	213	2	46
213041463	21304	213	2	195
213041571	21304	213	2	86
213041572	21304	213	2	63
213041573	21304	213	2	35
213041574	21304	213	2	70
213041575	21304	213	2	154
213041576	21304	213	2	121
213041577	21304	213	2	132
213041578	21304	213	2	176
213051361	21305	213	2	221
213051362	21305	213	2	212
213051363	21305	213	2	154
213051368	21305	213	2	233
213051464	21305	213	2	200
213051466	21305	213	2	159
213051467	21305	213	2	213
213051468	21305	213	2	268
213051579	21305	213	2	102
213051580	21305	213	2	132
213051581	21305	213	2	77
213051582	21305	213	2	146
213051583	21305	213	2	229
213051584	21305	213	2	107
213051585	21305	213	2	90
213051586	21305	213	2	75
213051587	21305	213	2	85
213051588	21305	213	2	150
213051589	21305	213	2	81
213051590	21305	213	2	128
214011370	21401	214	2	270
214011371	21401	214	2	394
214011372	21401	214	2	263
214011373	21401	214	2	222
214011374	21401	214	2	281
214011375	21401	214	2	345
214011376	21401	214	2	137
214021377	21402	214	2	291
214021378	21402	214	2	216
214021379	21402	214	2	383
214021381	21402	214	2	245
214021382	21402	214	2	304
214021383	21402	214	2	747
214021384	21402	214	2	445
214021385	21402	214	2	226
214021591	21402	214	2	178
214021592	21402	214	2	217
215011386	21501	215	2	151
215011387	21501	215	2	110
215011388	21501	215	2	239
215011389	21501	215	2	100
215011390	21501	215	2	179
215011391	21501	215	2	129
215011392	21501	215	2	180
215011393	21501	215	2	227
215011394	21501	215	2	202
215021395	21502	215	2	92
215021396	21502	215	2	71
215021398	21502	215	2	162
215021399	21502	215	2	93
215021469	21502	215	2	313
215021470	21502	215	2	171
215031400	21503	215	2	267
215031401	21503	215	2	187
215031402	21503	215	2	79
215031403	21503	215	2	66
215031404	21503	215	2	174
215031405	21503	215	2	200
216011406	21601	216	2	226
216011407	21601	216	2	138
216011408	21601	216	2	55
216011409	21601	216	2	64
216011410	21601	216	2	110
216021411	21602	216	2	109
216021412	21602	216	2	93
216021413	21602	216	2	219
216021414	21602	216	2	165
216031415	21603	216	2	115
216031416	21603	216	2	287
216031418	21603	216	2	69
216031419	21603	216	2	148
216031593	21603	216	2	101
216031594	21603	216	2	212
217011420	21701	217	2	309
217011421	21701	217	2	182
217011422	21701	217	2	207
217011423	21701	217	2	175
217031471	21703	217	2	72
217031472	21703	217	2	185
217031473	21703	217	2	145
217031474	21703	217	2	151
217031475	21703	217	2	220
217031476	21703	217	2	218
217041477	21704	217	2	127
217041478	21704	217	2	187
217041479	21704	217	2	286
217041480	21704	217	2	240
297979799	29797	297	2	7
299999499	29999	299	2	1
301011001	30101	301	3	188
301011002	30101	301	3	75
301011003	30101	301	3	147
301011004	30101	301	3	254
301011005	30101	301	3	44
301011006	30101	301	3	126
301021007	30102	301	3	241
301021008	30102	301	3	73
301021009	30102	301	3	184
301021011	30102	301	3	96
301021012	30102	301	3	172
301021013	30102	301	3	169
301021550	30102	301	3	111
301021551	30102	301	3	454
301031014	30103	301	3	19
301031015	30103	301	3	102
301031016	30103	301	3	132
301031017	30103	301	3	71
301031018	30103	301	3	129
301031019	30103	301	3	81
301031020	30103	301	3	199
301031021	30103	301	3	173
302011022	30201	302	3	96
302011023	30201	302	3	100
302011024	30201	302	3	94
302011025	30201	302	3	102
302011026	30201	302	3	84
302021027	30202	302	3	136
302021028	30202	302	3	136
302021029	30202	302	3	71
302021030	30202	302	3	61
302021031	30202	302	3	171
302021032	30202	302	3	97
302021033	30202	302	3	74
302021034	30202	302	3	109
302031035	30203	302	3	108
302031036	30203	302	3	15
302031037	30203	302	3	43
302031038	30203	302	3	117
302031039	30203	302	3	134
302031040	30203	302	3	172
302041041	30204	302	3	178
302041042	30204	302	3	116
302041043	30204	302	3	52
302041044	30204	302	3	106
302041045	30204	302	3	155
302041046	30204	302	3	105
303011047	30301	303	3	129
303011048	30301	303	3	76
303011049	30301	303	3	126
303011050	30301	303	3	76
303011051	30301	303	3	187
303021052	30302	303	3	142
303021053	30302	303	3	233
303021054	30302	303	3	70
303021055	30302	303	3	150
303021056	30302	303	3	100
303021057	30302	303	3	80
303021058	30302	303	3	103
303021059	30302	303	3	137
303031060	30303	303	3	158
303031061	30303	303	3	56
303031062	30303	303	3	92
303031063	30303	303	3	174
303031064	30303	303	3	128
303031065	30303	303	3	116
303031066	30303	303	3	115
303041067	30304	303	3	77
303041068	30304	303	3	137
303041069	30304	303	3	56
303041070	30304	303	3	91
303041071	30304	303	3	114
303051072	30305	303	3	88
303051073	30305	303	3	218
303051074	30305	303	3	115
303051075	30305	303	3	146
303051076	30305	303	3	193
303061077	30306	303	3	70
303061078	30306	303	3	154
303061079	30306	303	3	99
303061080	30306	303	3	166
304011081	30401	304	3	88
304011082	30401	304	3	72
304011083	30401	304	3	46
304011084	30401	304	3	142
304011085	30401	304	3	49
304021086	30402	304	3	100
304021087	30402	304	3	81
304021088	30402	304	3	115
304021089	30402	304	3	39
304021090	30402	304	3	105
304021091	30402	304	3	55
304031092	30403	304	3	98
304031093	30403	304	3	73
304031094	30403	304	3	197
304031095	30403	304	3	84
304031096	30403	304	3	125
304031097	30403	304	3	120
304041098	30404	304	3	135
304041099	30404	304	3	2
304041100	30404	304	3	92
304041101	30404	304	3	94
304041102	30404	304	3	5
304041103	30404	304	3	174
304041104	30404	304	3	128
305011105	30501	305	3	113
305011106	30501	305	3	100
305011107	30501	305	3	69
305011108	30501	305	3	116
305011109	30501	305	3	191
305011110	30501	305	3	114
305011111	30501	305	3	105
305011112	30501	305	3	126
305021113	30502	305	3	89
305021114	30502	305	3	85
305021115	30502	305	3	85
305021116	30502	305	3	62
305021117	30502	305	3	175
305021118	30502	305	3	84
305031119	30503	305	3	62
305031120	30503	305	3	75
305031121	30503	305	3	80
305031122	30503	305	3	156
305031123	30503	305	3	58
305031124	30503	305	3	86
305031125	30503	305	3	68
305031126	30503	305	3	110
305031127	30503	305	3	72
305031128	30503	305	3	152
305031129	30503	305	3	53
305031130	30503	305	3	123
305031131	30503	305	3	148
305041132	30504	305	3	170
305041133	30504	305	3	78
305041134	30504	305	3	123
305041135	30504	305	3	187
305041136	30504	305	3	78
305041137	30504	305	3	170
306011138	30601	306	3	95
306011139	30601	306	3	175
306011140	30601	306	3	70
306011141	30601	306	3	171
306011142	30601	306	3	206
306011143	30601	306	3	135
306021144	30602	306	3	85
306021145	30602	306	3	217
306021146	30602	306	3	104
306021147	30602	306	3	114
306021148	30602	306	3	144
306021149	30602	306	3	113
306021150	30602	306	3	17
306021151	30602	306	3	78
306021152	30602	306	3	92
306021153	30602	306	3	93
306021154	30602	306	3	134
306021155	30602	306	3	56
306021156	30602	306	3	140
306021157	30602	306	3	70
306031158	30603	306	3	118
306031159	30603	306	3	174
306031160	30603	306	3	188
306031161	30603	306	3	322
306031162	30603	306	3	14
306031163	30603	306	3	5
306041164	30604	306	3	170
306041165	30604	306	3	138
306051166	30605	306	3	185
306051167	30605	306	3	150
306051168	30605	306	3	69
306051169	30605	306	3	173
306051170	30605	306	3	179
307011171	30701	307	3	87
307011172	30701	307	3	154
307011173	30701	307	3	91
307011174	30701	307	3	115
307011175	30701	307	3	125
307011176	30701	307	3	134
307011177	30701	307	3	165
307011178	30701	307	3	105
307021179	30702	307	3	211
307021180	30702	307	3	125
307021181	30702	307	3	89
307021182	30702	307	3	93
307021183	30702	307	3	307
307031184	30703	307	3	85
307031185	30703	307	3	111
307031186	30703	307	3	93
307031187	30703	307	3	103
307031188	30703	307	3	92
307031189	30703	307	3	282
308011190	30801	308	3	159
308011191	30801	308	3	163
308011192	30801	308	3	233
308031205	30803	308	3	129
308031206	30803	308	3	38
308031207	30803	308	3	104
308031208	30803	308	3	114
308031209	30803	308	3	45
308031210	30803	308	3	153
308031211	30803	308	3	70
308031212	30803	308	3	75
308031213	30803	308	3	123
308031214	30803	308	3	88
308031215	30803	308	3	94
308031216	30803	308	3	92
308031217	30803	308	3	103
308031218	30803	308	3	66
308031219	30803	308	3	209
308031220	30803	308	3	64
308031221	30803	308	3	72
308031222	30803	308	3	126
308031223	30803	308	3	321
308041528	30804	308	3	264
308041529	30804	308	3	91
308051530	30805	308	3	228
308051531	30805	308	3	146
308051532	30805	308	3	13
308051533	30805	308	3	194
308051534	30805	308	3	164
308051535	30805	308	3	267
308051536	30805	308	3	42
308051537	30805	308	3	7
308051538	30805	308	3	81
308051539	30805	308	3	87
309011224	30901	309	3	185
309011225	30901	309	3	201
309011226	30901	309	3	200
309011227	30901	309	3	269
309011228	30901	309	3	209
309011229	30901	309	3	129
309021230	30902	309	3	137
309021231	30902	309	3	288
309021232	30902	309	3	137
309021233	30902	309	3	129
309021234	30902	309	3	247
309031235	30903	309	3	128
309031236	30903	309	3	133
309031237	30903	309	3	120
309031238	30903	309	3	287
309031239	30903	309	3	139
309031240	30903	309	3	128
309041241	30904	309	3	75
309041242	30904	309	3	272
309051243	30905	309	3	100
309051244	30905	309	3	209
309051245	30905	309	3	93
309061246	30906	309	3	159
309061247	30906	309	3	105
309061248	30906	309	3	282
309061249	30906	309	3	181
309061250	30906	309	3	99
309071251	30907	309	3	215
309071252	30907	309	3	255
309071253	30907	309	3	221
309071254	30907	309	3	74
309071256	30907	309	3	206
309071552	30907	309	3	122
309071553	30907	309	3	144
309071554	30907	309	3	78
309071555	30907	309	3	90
309071556	30907	309	3	122
309071557	30907	309	3	194
309071558	30907	309	3	69
309081259	30908	309	3	63
309081260	30908	309	3	70
309081262	30908	309	3	222
309081559	30908	309	3	204
309081560	30908	309	3	113
309091263	30909	309	3	175
309091264	30909	309	3	91
309091265	30909	309	3	88
309091540	30909	309	3	217
309091541	30909	309	3	218
309101267	30910	309	3	115
309101268	30910	309	3	98
309101269	30910	309	3	78
309101561	30910	309	3	179
309101562	30910	309	3	238
310011271	31001	310	3	80
310011272	31001	310	3	65
310011274	31001	310	3	185
310011275	31001	310	3	105
310011276	31001	310	3	63
310011563	31001	310	3	67
310011564	31001	310	3	243
310021277	31002	310	3	202
310021278	31002	310	3	148
310021279	31002	310	3	8
310021280	31002	310	3	254
310021281	31002	310	3	167
310021282	31002	310	3	190
310031283	31003	310	3	139
310031284	31003	310	3	131
310031285	31003	310	3	89
310031286	31003	310	3	133
310031287	31003	310	3	223
310031288	31003	310	3	52
310031289	31003	310	3	63
310031290	31003	310	3	74
310031291	31003	310	3	114
310031292	31003	310	3	99
310031293	31003	310	3	172
310031294	31003	310	3	134
310031295	31003	310	3	48
310041297	31004	310	3	110
310041298	31004	310	3	16
310041299	31004	310	3	135
310041300	31004	310	3	139
310041301	31004	310	3	4
310041302	31004	310	3	222
310041303	31004	310	3	70
310041304	31004	310	3	230
310041565	31004	310	3	102
310041566	31004	310	3	102
311011305	31101	311	3	250
311021306	31102	311	3	134
311021307	31102	311	3	158
311021308	31102	311	3	112
311021309	31102	311	3	80
311021310	31102	311	3	102
311031311	31103	311	3	181
311031312	31103	311	3	98
311031313	31103	311	3	85
311031314	31103	311	3	102
311031315	31103	311	3	2
311031316	31103	311	3	108
311031317	31103	311	3	143
311031318	31103	311	3	85
311031319	31103	311	3	148
311041322	31104	311	3	105
311041567	31104	311	3	73
311041568	31104	311	3	105
311041569	31104	311	3	104
311041570	31104	311	3	226
311041571	31104	311	3	102
311051323	31105	311	3	129
311051324	31105	311	3	108
311051325	31105	311	3	139
311051326	31105	311	3	114
311051327	31105	311	3	139
311051328	31105	311	3	101
311061329	31106	311	3	76
311061330	31106	311	3	115
311061331	31106	311	3	84
311061332	31106	311	3	163
311061333	31106	311	3	149
311061334	31106	311	3	129
311061335	31106	311	3	93
311061336	31106	311	3	161
312011337	31201	312	3	180
312011338	31201	312	3	316
312011339	31201	312	3	79
312011340	31201	312	3	117
312011341	31201	312	3	139
312021342	31202	312	3	202
312021343	31202	312	3	59
312021344	31202	312	3	169
312021345	31202	312	3	13
312021346	31202	312	3	111
312021347	31202	312	3	6
312021348	31202	312	3	158
312021349	31202	312	3	143
312021350	31202	312	3	87
312021351	31202	312	3	124
312021352	31202	312	3	208
312021353	31202	312	3	258
312021354	31202	312	3	91
312021355	31202	312	3	80
312021356	31202	312	3	113
312021357	31202	312	3	116
312021358	31202	312	3	115
312031359	31203	312	3	261
312031360	31203	312	3	3
312031361	31203	312	3	161
313011362	31301	313	3	244
313011363	31301	313	3	393
313021364	31302	313	3	63
313021366	31302	313	3	251
313021367	31302	313	3	46
313021368	31302	313	3	112
313021369	31302	313	3	42
313021572	31302	313	3	210
313021573	31302	313	3	154
313031370	31303	313	3	107
313031371	31303	313	3	112
313041372	31304	313	3	201
313041373	31304	313	3	238
313041374	31304	313	3	64
313041375	31304	313	3	214
313041376	31304	313	3	42
313051377	31305	313	3	114
313051378	31305	313	3	164
313051379	31305	313	3	162
313051380	31305	313	3	224
313051574	31305	313	3	11
313051575	31305	313	3	171
314011382	31401	314	3	205
314011383	31401	314	3	195
314011384	31401	314	3	120
314011385	31401	314	3	102
314011386	31401	314	3	251
314011387	31401	314	3	130
314021389	31402	314	3	226
314021576	31402	314	3	43
314021577	31402	314	3	225
314021578	31402	314	3	139
314021579	31402	314	3	237
314031391	31403	314	3	111
314031392	31403	314	3	84
314031393	31403	314	3	121
314031394	31403	314	3	172
315011395	31501	315	3	6
315011396	31501	315	3	368
315011397	31501	315	3	98
315011398	31501	315	3	9
315011399	31501	315	3	21
315011400	31501	315	3	118
315011401	31501	315	3	210
315011402	31501	315	3	19
315011403	31501	315	3	42
315021404	31502	315	3	113
315021405	31502	315	3	307
315021406	31502	315	3	84
315021407	31502	315	3	113
315031408	31503	315	3	157
315031409	31503	315	3	94
315031410	31503	315	3	86
315031411	31503	315	3	92
315031412	31503	315	3	88
316011413	31601	316	3	215
316011414	31601	316	3	170
316011415	31601	316	3	138
316011416	31601	316	3	98
316021417	31602	316	3	133
316021418	31602	316	3	107
316021419	31602	316	3	129
316021421	31602	316	3	201
316021422	31602	316	3	133
316021423	31602	316	3	132
316021424	31602	316	3	132
316021580	31602	316	3	165
316021581	31602	316	3	160
316031425	31603	316	3	246
316031426	31603	316	3	181
316031427	31603	316	3	366
316031428	31603	316	3	236
316051434	31605	316	3	146
316051435	31605	316	3	206
316051437	31605	316	3	143
316051438	31605	316	3	154
316051543	31605	316	3	94
316051544	31605	316	3	102
316061439	31606	316	3	131
316061440	31606	316	3	139
316061441	31606	316	3	96
316061442	31606	316	3	206
316061443	31606	316	3	107
316061444	31606	316	3	117
316071545	31607	316	3	103
316071546	31607	316	3	51
316071547	31607	316	3	163
316071548	31607	316	3	293
316081549	31608	316	3	339
317011445	31701	317	3	74
317011446	31701	317	3	172
317011447	31701	317	3	163
317011448	31701	317	3	106
317011449	31701	317	3	83
317011450	31701	317	3	145
317011451	31701	317	3	141
317011452	31701	317	3	89
317011453	31701	317	3	186
317011454	31701	317	3	107
317011455	31701	317	3	114
317011456	31701	317	3	268
317011457	31701	317	3	156
317011458	31701	317	3	165
317011459	31701	317	3	177
318011460	31801	318	3	149
318011461	31801	318	3	176
318011462	31801	318	3	188
318011463	31801	318	3	84
318011464	31801	318	3	91
318011465	31801	318	3	148
318011466	31801	318	3	10
318021467	31802	318	3	85
318021468	31802	318	3	143
318021469	31802	318	3	58
318021470	31802	318	3	97
318021471	31802	318	3	124
318021472	31802	318	3	72
318021474	31802	318	3	84
318021475	31802	318	3	152
318021476	31802	318	3	103
318021477	31802	318	3	48
318021478	31802	318	3	98
318021479	31802	318	3	87
318021480	31802	318	3	114
318021481	31802	318	3	89
318021482	31802	318	3	186
318021483	31802	318	3	100
318021484	31802	318	3	115
318021485	31802	318	3	49
318021486	31802	318	3	124
318021487	31802	318	3	107
318021488	31802	318	3	102
318021489	31802	318	3	85
318021490	31802	318	3	179
318021491	31802	318	3	84
318021582	31802	318	3	202
318021583	31802	318	3	83
319011492	31901	319	3	67
319011493	31901	319	3	296
319011494	31901	319	3	62
319011495	31901	319	3	155
319011496	31901	319	3	85
319011497	31901	319	3	105
319011498	31901	319	3	162
319011499	31901	319	3	259
319011500	31901	319	3	92
319011501	31901	319	3	90
319011502	31901	319	3	134
319021503	31902	319	3	213
319021504	31902	319	3	105
319021505	31902	319	3	165
319021506	31902	319	3	191
319021507	31902	319	3	60
319021508	31902	319	3	154
319021509	31902	319	3	196
319021510	31902	319	3	5
319031511	31903	319	3	229
319031512	31903	319	3	228
319031513	31903	319	3	87
319031514	31903	319	3	308
319031515	31903	319	3	106
319041516	31904	319	3	118
319041517	31904	319	3	70
319041518	31904	319	3	222
319041519	31904	319	3	97
319041520	31904	319	3	217
319041521	31904	319	3	193
319051522	31905	319	3	290
319051523	31905	319	3	57
319051524	31905	319	3	282
319051525	31905	319	3	350
319051526	31905	319	3	66
397979799	39797	397	3	24
399999499	39999	399	3	1
401011001	40101	401	4	410
401011002	40101	401	4	176
401021003	40102	401	4	96
401021004	40102	401	4	263
401021005	40102	401	4	58
401021006	40102	401	4	125
401021007	40102	401	4	271
401021008	40102	401	4	72
401021009	40102	401	4	61
401021010	40102	401	4	90
401031011	40103	401	4	245
401031012	40103	401	4	124
401031013	40103	401	4	233
401041014	40104	401	4	121
401041015	40104	401	4	277
401041016	40104	401	4	262
401051017	40105	401	4	211
401051018	40105	401	4	177
401051019	40105	401	4	203
401061020	40106	401	4	81
401061021	40106	401	4	177
401061022	40106	401	4	114
401071023	40107	401	4	248
401071024	40107	401	4	305
402011025	40201	402	4	126
402011026	40201	402	4	259
402011027	40201	402	4	50
402021028	40202	402	4	225
402021029	40202	402	4	239
402021030	40202	402	4	155
402021031	40202	402	4	177
402021032	40202	402	4	158
402021033	40202	402	4	27
402021034	40202	402	4	205
402021035	40202	402	4	77
402031036	40203	402	4	286
402031038	40203	402	4	259
402031175	40203	402	4	199
402031176	40203	402	4	155
402041039	40204	402	4	27
402041040	40204	402	4	244
402041041	40204	402	4	279
402041042	40204	402	4	1
402041043	40204	402	4	238
402041044	40204	402	4	165
402041046	40204	402	4	318
402041047	40204	402	4	308
402041048	40204	402	4	212
402041171	40204	402	4	165
402041172	40204	402	4	140
402051049	40205	402	4	169
402051050	40205	402	4	155
402051051	40205	402	4	188
402051052	40205	402	4	283
402051053	40205	402	4	397
402051054	40205	402	4	234
402051055	40205	402	4	209
403011056	40301	403	4	224
403011057	40301	403	4	361
403021058	40302	403	4	227
403021059	40302	403	4	178
403021060	40302	403	4	136
403021061	40302	403	4	203
403021062	40302	403	4	217
403021063	40302	403	4	110
403021064	40302	403	4	194
403031065	40303	403	4	68
403031066	40303	403	4	102
403031067	40303	403	4	169
403031068	40303	403	4	199
403031069	40303	403	4	206
403031070	40303	403	4	115
403041071	40304	403	4	182
403041072	40304	403	4	257
403041073	40304	403	4	162
403041074	40304	403	4	199
403041075	40304	403	4	29
403041076	40304	403	4	71
403041077	40304	403	4	186
403041078	40304	403	4	83
403041079	40304	403	4	123
403041080	40304	403	4	157
403041081	40304	403	4	5
403041082	40304	403	4	25
403041083	40304	403	4	83
403041084	40304	403	4	191
403041085	40304	403	4	133
403041086	40304	403	4	136
403041088	40304	403	4	46
403041089	40304	403	4	118
403041177	40304	403	4	189
403041178	40304	403	4	152
404011090	40401	404	4	118
404011091	40401	404	4	196
404011092	40401	404	4	203
404011093	40401	404	4	274
404011094	40401	404	4	82
404011095	40401	404	4	195
404011096	40401	404	4	226
404011097	40401	404	4	229
404021098	40402	404	4	5
404021099	40402	404	4	212
404021100	40402	404	4	206
404021101	40402	404	4	237
404021102	40402	404	4	254
404021103	40402	404	4	5
404031104	40403	404	4	1
404031105	40403	404	4	43
404031106	40403	404	4	186
404031107	40403	404	4	356
404031108	40403	404	4	290
404031109	40403	404	4	79
405011110	40501	405	4	105
405011111	40501	405	4	172
405011112	40501	405	4	88
405011113	40501	405	4	65
405011114	40501	405	4	90
405011115	40501	405	4	75
405021116	40502	405	4	75
405021117	40502	405	4	93
405021118	40502	405	4	131
405021119	40502	405	4	263
405031120	40503	405	4	148
405031121	40503	405	4	206
405031122	40503	405	4	255
405031123	40503	405	4	97
405041124	40504	405	4	94
405041125	40504	405	4	144
405041126	40504	405	4	132
405041127	40504	405	4	308
405041128	40504	405	4	227
406011129	40601	406	4	74
406011130	40601	406	4	283
406011131	40601	406	4	139
406011132	40601	406	4	115
406011133	40601	406	4	340
406011134	40601	406	4	179
406011135	40601	406	4	8
406011136	40601	406	4	440
406011137	40601	406	4	11
406021138	40602	406	4	21
406021139	40602	406	4	49
406021140	40602	406	4	97
406021141	40602	406	4	149
406021142	40602	406	4	278
406021143	40602	406	4	58
407011144	40701	407	4	310
407011145	40701	407	4	204
407011146	40701	407	4	101
407011147	40701	407	4	127
407011148	40701	407	4	335
407011149	40701	407	4	181
407021150	40702	407	4	109
407021151	40702	407	4	212
407021152	40702	407	4	104
407021154	40702	407	4	111
407021155	40702	407	4	58
407021156	40702	407	4	78
407021157	40702	407	4	145
407021158	40702	407	4	120
407021173	40702	407	4	208
407021174	40702	407	4	205
407031159	40703	407	4	121
407031160	40703	407	4	69
407031161	40703	407	4	91
407031162	40703	407	4	78
407031163	40703	407	4	54
407031164	40703	407	4	167
407031165	40703	407	4	248
407031166	40703	407	4	65
407031167	40703	407	4	102
407031168	40703	407	4	79
407031169	40703	407	4	206
407031170	40703	407	4	157
497979799	49797	497	4	14
499999499	49999	499	4	1
501011001	50101	501	5	289
501011003	50101	501	5	240
501011004	50101	501	5	205
501011293	50101	501	5	197
501011294	50101	501	5	284
501021005	50102	501	5	324
501021007	50102	501	5	127
501021008	50102	501	5	102
501021009	50102	501	5	267
501021010	50102	501	5	56
501021011	50102	501	5	30
501021012	50102	501	5	168
501021014	50102	501	5	215
501021015	50102	501	5	175
501021016	50102	501	5	108
501021251	50102	501	5	107
501021252	50102	501	5	45
501021253	50102	501	5	274
501021254	50102	501	5	83
501031017	50103	501	5	274
501031018	50103	501	5	216
501031019	50103	501	5	128
501031020	50103	501	5	345
502011021	50201	502	5	166
502011022	50201	502	5	204
502011023	50201	502	5	146
502011024	50201	502	5	290
502011025	50201	502	5	228
502011026	50201	502	5	135
502011027	50201	502	5	266
502011028	50201	502	5	168
502011029	50201	502	5	172
503011030	50301	503	5	131
503011031	50301	503	5	127
503011032	50301	503	5	107
503011033	50301	503	5	91
503011034	50301	503	5	152
503011035	50301	503	5	241
503011036	50301	503	5	123
503021037	50302	503	5	2
503021038	50302	503	5	157
503021039	50302	503	5	225
503021040	50302	503	5	131
503021042	50302	503	5	268
503021043	50302	503	5	227
503021295	50302	503	5	155
503021296	50302	503	5	182
503021297	50302	503	5	237
504011044	50401	504	5	220
504011045	50401	504	5	301
504011046	50401	504	5	195
504011047	50401	504	5	270
504011048	50401	504	5	95
504021049	50402	504	5	80
504021050	50402	504	5	129
504021051	50402	504	5	71
504021052	50402	504	5	8
504021053	50402	504	5	219
504021054	50402	504	5	216
504031055	50403	504	5	2
504031056	50403	504	5	208
504031057	50403	504	5	229
504031058	50403	504	5	72
504031060	50403	504	5	41
504031061	50403	504	5	83
504031062	50403	504	5	152
504031063	50403	504	5	79
504031064	50403	504	5	7
504031065	50403	504	5	79
504031066	50403	504	5	226
504031067	50403	504	5	77
504031068	50403	504	5	160
504031069	50403	504	5	4
504031298	50403	504	5	154
504031299	50403	504	5	111
504031300	50403	504	5	204
505011070	50501	505	5	144
505011071	50501	505	5	139
505011072	50501	505	5	180
505011073	50501	505	5	172
505011074	50501	505	5	125
505011075	50501	505	5	116
505011076	50501	505	5	98
505011077	50501	505	5	206
505011078	50501	505	5	166
505011079	50501	505	5	122
505011080	50501	505	5	89
505011081	50501	505	5	111
505011082	50501	505	5	100
505011083	50501	505	5	108
505021084	50502	505	5	219
505021085	50502	505	5	199
505021087	50502	505	5	6
505021088	50502	505	5	229
505021089	50502	505	5	234
505021090	50502	505	5	225
505021091	50502	505	5	38
505021092	50502	505	5	238
505021093	50502	505	5	180
505021094	50502	505	5	106
505021095	50502	505	5	171
505021096	50502	505	5	152
505021097	50502	505	5	201
505021301	50502	505	5	147
505021302	50502	505	5	174
505031098	50503	505	5	122
505031099	50503	505	5	266
505031100	50503	505	5	186
505031101	50503	505	5	190
505031102	50503	505	5	110
505031104	50503	505	5	109
505031105	50503	505	5	232
505031106	50503	505	5	2
505031107	50503	505	5	177
505031255	50503	505	5	169
505031256	50503	505	5	37
505031257	50503	505	5	67
505031258	50503	505	5	138
505031303	50503	505	5	170
505031304	50503	505	5	132
505031305	50503	505	5	186
505031306	50503	505	5	193
506011110	50601	506	5	287
506011111	50601	506	5	5
506011112	50601	506	5	78
506011114	50601	506	5	152
506011115	50601	506	5	100
506011116	50601	506	5	97
506011117	50601	506	5	103
506011307	50601	506	5	116
506011308	50601	506	5	171
506021118	50602	506	5	237
506021119	50602	506	5	225
506021120	50602	506	5	23
506021121	50602	506	5	8
506021123	50602	506	5	257
506021309	50602	506	5	101
506021310	50602	506	5	96
506021311	50602	506	5	130
506031124	50603	506	5	267
506031125	50603	506	5	100
506031126	50603	506	5	36
506031127	50603	506	5	229
506031128	50603	506	5	170
506031129	50603	506	5	150
506031130	50603	506	5	72
506031131	50603	506	5	216
506041132	50604	506	5	239
506041133	50604	506	5	198
506041134	50604	506	5	232
506041135	50604	506	5	209
506041136	50604	506	5	198
506041137	50604	506	5	272
506051138	50605	506	5	226
506051139	50605	506	5	123
506051140	50605	506	5	211
506051141	50605	506	5	183
506061142	50606	506	5	216
506061143	50606	506	5	90
506061144	50606	506	5	68
506071145	50607	506	5	222
506071146	50607	506	5	145
506071147	50607	506	5	263
507011148	50701	507	5	242
507011150	50701	507	5	33
507011151	50701	507	5	6
507011152	50701	507	5	120
507011153	50701	507	5	107
507011154	50701	507	5	149
507011155	50701	507	5	12
507011158	50701	507	5	53
507011159	50701	507	5	165
507011160	50701	507	5	147
507011161	50701	507	5	164
507011163	50701	507	5	96
507011259	50701	507	5	126
507011260	50701	507	5	57
507021164	50702	507	5	113
507021165	50702	507	5	286
507021166	50702	507	5	186
507021167	50702	507	5	20
507031169	50703	507	5	203
507031170	50703	507	5	108
507031172	50703	507	5	10
507031173	50703	507	5	27
507031174	50703	507	5	151
507031261	50703	507	5	93
507041175	50704	507	5	155
507041176	50704	507	5	42
507041177	50704	507	5	184
507041178	50704	507	5	186
507041179	50704	507	5	80
507041180	50704	507	5	119
507041181	50704	507	5	199
507041182	50704	507	5	140
507041183	50704	507	5	62
507041184	50704	507	5	63
507051186	50705	507	5	121
507051187	50705	507	5	154
507051188	50705	507	5	321
507051189	50705	507	5	7
507051190	50705	507	5	201
507051191	50705	507	5	261
507051192	50705	507	5	147
507051193	50705	507	5	132
507051312	50705	507	5	147
507051313	50705	507	5	263
507051314	50705	507	5	29
509011225	50901	509	5	300
509011226	50901	509	5	120
509011227	50901	509	5	65
509011228	50901	509	5	167
509011229	50901	509	5	143
509011230	50901	509	5	187
509011231	50901	509	5	264
509011232	50901	509	5	84
509011233	50901	509	5	133
509011234	50901	509	5	111
509011235	50901	509	5	10
509021236	50902	509	5	83
509021237	50902	509	5	167
509021238	50902	509	5	238
509021239	50902	509	5	412
509021240	50902	509	5	228
509021241	50902	509	5	222
509021242	50902	509	5	383
509021243	50902	509	5	230
509021244	50902	509	5	102
509021245	50902	509	5	183
509031246	50903	509	5	206
509031247	50903	509	5	339
509031248	50903	509	5	107
509031249	50903	509	5	119
509031250	50903	509	5	270
510011262	51001	510	5	270
510011263	51001	510	5	636
510011264	51001	510	5	53
510011265	51001	510	5	1189
510011266	51001	510	5	118
510021267	51002	510	5	105
510021268	51002	510	5	98
510021269	51002	510	5	108
510021270	51002	510	5	124
510031271	51003	510	5	310
510031272	51003	510	5	266
510031273	51003	510	5	276
511011274	51101	511	5	257
511011275	51101	511	5	559
511021276	51102	511	5	130
511021277	51102	511	5	261
511031278	51103	511	5	129
511031279	51103	511	5	252
511031280	51103	511	5	125
511031281	51103	511	5	4
511031282	51103	511	5	201
511031283	51103	511	5	128
511031284	51103	511	5	20
511041285	51104	511	5	253
511041286	51104	511	5	112
511041287	51104	511	5	104
511041288	51104	511	5	137
511041289	51104	511	5	96
511041290	51104	511	5	158
511041291	51104	511	5	265
511041292	51104	511	5	310
597979799	59797	597	5	23
599999499	59999	599	5	1
601011001	60101	601	6	180
601011002	60101	601	6	63
601011003	60101	601	6	74
601021004	60102	601	6	117
601021005	60102	601	6	115
601021006	60102	601	6	51
601021007	60102	601	6	138
601021008	60102	601	6	107
601021009	60102	601	6	79
601021010	60102	601	6	49
601021011	60102	601	6	104
601021012	60102	601	6	101
601031013	60103	601	6	75
601031014	60103	601	6	115
601031015	60103	601	6	144
601031016	60103	601	6	95
601031017	60103	601	6	199
601031018	60103	601	6	80
601031019	60103	601	6	92
601031020	60103	601	6	127
601031021	60103	601	6	56
601041022	60104	601	6	166
601041023	60104	601	6	153
601041024	60104	601	6	130
601041025	60104	601	6	11
601041026	60104	601	6	61
601051027	60105	601	6	212
601051028	60105	601	6	105
601051029	60105	601	6	74
601051030	60105	601	6	87
601051031	60105	601	6	184
601051032	60105	601	6	100
601051033	60105	601	6	83
601061034	60106	601	6	256
601061035	60106	601	6	145
602011036	60201	602	6	78
602011037	60201	602	6	74
602011038	60201	602	6	155
602011039	60201	602	6	56
602011040	60201	602	6	62
602011041	60201	602	6	124
602011042	60201	602	6	81
602011043	60201	602	6	51
602011044	60201	602	6	118
602011045	60201	602	6	60
602011046	60201	602	6	92
602011047	60201	602	6	75
602011048	60201	602	6	74
602011049	60201	602	6	76
602011050	60201	602	6	63
602011051	60201	602	6	69
602011052	60201	602	6	59
602021053	60202	602	6	136
602021054	60202	602	6	161
602021055	60202	602	6	105
602021056	60202	602	6	42
602021057	60202	602	6	69
602031058	60203	602	6	127
602031059	60203	602	6	293
602031060	60203	602	6	53
602031061	60203	602	6	128
602031062	60203	602	6	78
602031064	60203	602	6	224
602031099	60203	602	6	158
602031100	60203	602	6	334
603011065	60301	603	6	280
603011066	60301	603	6	83
603011067	60301	603	6	150
603011068	60301	603	6	117
603021069	60302	603	6	178
603021070	60302	603	6	69
603021071	60302	603	6	132
603021072	60302	603	6	138
603031073	60303	603	6	176
603031074	60303	603	6	253
604011075	60401	604	6	54
604011076	60401	604	6	199
604011077	60401	604	6	145
604011078	60401	604	6	148
604011079	60401	604	6	142
604011080	60401	604	6	75
604011081	60401	604	6	72
604011082	60401	604	6	144
604011083	60401	604	6	131
604011084	60401	604	6	135
604021085	60402	604	6	233
604021086	60402	604	6	102
604021087	60402	604	6	93
604021088	60402	604	6	71
604021089	60402	604	6	154
604021090	60402	604	6	60
604021091	60402	604	6	272
604021092	60402	604	6	86
604031093	60403	604	6	275
604031094	60403	604	6	1149
604031095	60403	604	6	78
604031096	60403	604	6	166
604031097	60403	604	6	195
604031098	60403	604	6	58
697979799	69797	697	6	17
699999499	69999	699	6	1
701011001	70101	701	7	1
701011002	70101	701	7	93
701011003	70101	701	7	2
701011004	70101	701	7	67
701011005	70101	701	7	51
701011006	70101	701	7	36
701011007	70101	701	7	51
701011008	70101	701	7	78
701011009	70101	701	7	78
701021010	70102	701	7	24
701021011	70102	701	7	32
701021012	70102	701	7	24
701021013	70102	701	7	44
701021014	70102	701	7	3
701021015	70102	701	7	8
701021016	70102	701	7	45
701021017	70102	701	7	6
701021018	70102	701	7	28
701021019	70102	701	7	56
701021020	70102	701	7	54
701021021	70102	701	7	62
701021022	70102	701	7	74
701021023	70102	701	7	33
701021024	70102	701	7	28
701021025	70102	701	7	69
701021026	70102	701	7	49
701021027	70102	701	7	32
701021028	70102	701	7	24
701021029	70102	701	7	21
701021030	70102	701	7	47
701031031	70103	701	7	42
701031032	70103	701	7	76
701031033	70103	701	7	21
701031034	70103	701	7	35
701031035	70103	701	7	83
701041036	70104	701	7	34
701041037	70104	701	7	30
701041038	70104	701	7	55
701041039	70104	701	7	34
701041040	70104	701	7	37
701041041	70104	701	7	66
701041042	70104	701	7	67
701041043	70104	701	7	56
701041044	70104	701	7	48
702011045	70201	702	7	86
702011046	70201	702	7	85
702011047	70201	702	7	56
702011048	70201	702	7	60
702011049	70201	702	7	61
702011050	70201	702	7	34
702011051	70201	702	7	35
702011052	70201	702	7	34
702011053	70201	702	7	24
702011054	70201	702	7	16
702021055	70202	702	7	26
702021056	70202	702	7	57
702031057	70203	702	7	178
702031058	70203	702	7	43
702031059	70203	702	7	11
702031060	70203	702	7	12
702031061	70203	702	7	44
702041062	70204	702	7	69
702041063	70204	702	7	138
702041064	70204	702	7	36
702051065	70205	702	7	40
702051066	70205	702	7	109
702051067	70205	702	7	139
702051068	70205	702	7	56
797979799	79797	797	7	7
799999499	79999	799	7	1
801011001	80101	801	8	36
801011002	80101	801	8	118
801011003	80101	801	8	87
801011004	80101	801	8	100
801011005	80101	801	8	42
801011006	80101	801	8	99
801011007	80101	801	8	87
801011008	80101	801	8	78
801011009	80101	801	8	59
801011010	80101	801	8	29
801011011	80101	801	8	57
801011012	80101	801	8	2
801011013	80101	801	8	46
801011014	80101	801	8	38
801011015	80101	801	8	83
801011016	80101	801	8	112
801011017	80101	801	8	71
801011018	80101	801	8	27
801011019	80101	801	8	94
801011020	80101	801	8	46
801011021	80101	801	8	35
801011022	80101	801	8	53
801011023	80101	801	8	37
801011024	80101	801	8	49
801011025	80101	801	8	44
801011026	80101	801	8	33
801011111	80101	801	8	6
801011142	80101	801	8	1
801011143	80101	801	8	6
801011144	80101	801	8	2
801031031	80103	801	8	13
801031032	80103	801	8	1
801031113	80103	801	8	27
801031114	80103	801	8	4
801031115	80103	801	8	12
801041034	80104	801	8	92
801041035	80104	801	8	76
801041036	80104	801	8	80
801041037	80104	801	8	61
801041038	80104	801	8	67
801041039	80104	801	8	64
801041040	80104	801	8	92
801041043	80104	801	8	13
801041044	80104	801	8	82
801041045	80104	801	8	27
801041046	80104	801	8	155
801041047	80104	801	8	108
801041048	80104	801	8	76
801041116	80104	801	8	2
801041117	80104	801	8	1
801041118	80104	801	8	7
801041119	80104	801	8	2
801041120	80104	801	8	40
801041121	80104	801	8	66
801041122	80104	801	8	41
801051049	80105	801	8	11
801051050	80105	801	8	85
801051051	80105	801	8	69
801051053	80105	801	8	67
801051054	80105	801	8	57
801051055	80105	801	8	51
801051056	80105	801	8	51
801051057	80105	801	8	85
801051058	80105	801	8	82
801051060	80105	801	8	60
801051061	80105	801	8	87
801051123	80105	801	8	5
801051124	80105	801	8	82
801051125	80105	801	8	11
801051126	80105	801	8	4
801051127	80105	801	8	29
801051128	80105	801	8	3
801061062	80106	801	8	69
801061063	80106	801	8	30
801061064	80106	801	8	95
801061066	80106	801	8	8
801061067	80106	801	8	94
801061068	80106	801	8	11
801061069	80106	801	8	55
801061070	80106	801	8	79
801061129	80106	801	8	22
801061130	80106	801	8	67
801061131	80106	801	8	72
801071071	80107	801	8	63
801071072	80107	801	8	48
801071073	80107	801	8	80
801071074	80107	801	8	65
801071075	80107	801	8	69
801071076	80107	801	8	65
801071077	80107	801	8	34
801071078	80107	801	8	125
801071079	80107	801	8	38
801071080	80107	801	8	87
801071081	80107	801	8	67
801071082	80107	801	8	207
801071083	80107	801	8	30
801071084	80107	801	8	97
801071085	80107	801	8	6
801071086	80107	801	8	17
801071087	80107	801	8	39
801071088	80107	801	8	56
801071089	80107	801	8	1
801071090	80107	801	8	124
801071132	80107	801	8	2
801081091	80108	801	8	37
801081092	80108	801	8	48
801081093	80108	801	8	54
801081094	80108	801	8	36
801081095	80108	801	8	56
801081096	80108	801	8	26
801081097	80108	801	8	42
801081098	80108	801	8	98
801081133	80108	801	8	2
801091099	80109	801	8	40
801091100	80109	801	8	97
801091101	80109	801	8	46
801091102	80109	801	8	45
801091103	80109	801	8	47
801091104	80109	801	8	51
801091105	80109	801	8	59
801091106	80109	801	8	53
801091107	80109	801	8	19
801091108	80109	801	8	46
801091109	80109	801	8	69
801091110	80109	801	8	30
801101134	80110	801	8	3
801101135	80110	801	8	34
801101136	80110	801	8	26
801101137	80110	801	8	1
801101139	80110	801	8	25
801101145	80110	801	8	2
801101146	80110	801	8	1
801111140	80111	801	8	11
801111141	80111	801	8	9
897979799	89797	897	8	1
899999499	89999	899	8	1
901011001	90101	901	9	10
901021002	90102	901	9	56
901031003	90103	901	9	9
901041004	90104	901	9	57
997979799	99797	997	9	3
999999499	99999	999	9	1
