Dataset,Module Name,Product Name,Product Description
A&T,Apprentice and Trainee 2006 - latest,plidage-apprentice,"PLIDAGE, Apprentice"
ACLD,Census of Population and Housing ACLD 2011-2016-2021 - 5% sample,madipge-acld11-d-persons-11-16-21,"MADIP GE, d, ACLD_1121, Persons, 2011-2021"
ACLD,Census of Population and Housing ACLD 2016-2021 - 5% sample,madipge-acld16-d-person-16-21,"MADIP GE, d, ACLD_1621, Persons, 2016-2021"
AEDC,Australian Early Development Census 2009,madipge-aedc-d-core-2009,"MADIP GE, d, AEDC, General analytical data, 2009"
AEDC,Australian Early Development Census 2012,madipge-aedc-d-core-2012,"MADIP GE, d, AEDC, General analytical data, 2012"
AEDC,Australian Early Development Census 2015,madipge-aedc-d-core-2015,"MADIP GE, d, AEDC, General analytical data, 2015"
AEDC,Australian Early Development Census 2018,madipge-aedc-d-core-2018,"MADIP GE, d, AEDC, General analytical data, 2018"
AEDC,Australian Early Development Census 2021,madipge-aedc-d-core-2021,"MADIP GE, d, AEDC, General analytical data, 2021"
AEDC,Australian Early Development Census 2024,madipge-aedc-d-core-2024,"MADIP GE, d, AEDC, General analytical data, 2024"
AEDC,Australian Early Development Census Domain 2009,madipge-aedc-d-domain-2009,"MADIP GE, d, AEDC, Domain data, 2009"
AEDC,Australian Early Development Census Domain 2012,madipge-aedc-d-domain-2012,"MADIP GE, d, AEDC, Domain data, 2012"
AEDC,Australian Early Development Census Domain 2015,madipge-aedc-d-domain-2015,"MADIP GE, d, AEDC, Domain data, 2015"
AEDC,Australian Early Development Census Domain 2018,madipge-aedc-d-domain-2018,"MADIP GE, d, AEDC, Domain data, 2018"
AEDC,Australian Early Development Census Domain 2021,madipge-aedc-d-domain-2021,"MADIP GE, d, AEDC, Domain data, 2021"
AEDC,Australian Early Development Census Domain 2024,madipge-aedc-d-domain-2024,"MADIP GE, d, AEDC, Domain data, 2024"
AEDC,Australian Early Development Census Indigenous 2009,madipge-aedc-d-indigenous-2009,"MADIP GE, d, AEDC, Indigenous status data, 2009"
AEDC,Australian Early Development Census Indigenous 2012,madipge-aedc-d-indigenous-2012,"MADIP GE, d, AEDC, Indigenous status data, 2012"
AEDC,Australian Early Development Census Indigenous 2015,madipge-aedc-d-indigenous-2015,"MADIP GE, d, AEDC, Indigenous status data, 2015"
AEDC,Australian Early Development Census Indigenous 2018,madipge-aedc-d-indigenous-2018,"MADIP GE, d, AEDC, Indigenous status data, 2018"
AEDC,Australian Early Development Census Indigenous 2021,madipge-aedc-d-indigenous-2021,"MADIP GE, d, AEDC, Indigenous status data, 2021"
AEDC,Australian Early Development Census Indigenous 2024,madipge-aedc-d-indigenous-2024,"MADIP GE, d, AEDC, Indigenous status data, 2024"
AEDC,Australian Early Development Census Language 2009,madipge-aedc-d-language-2009,"MADIP GE, d, AEDC, Language data, 2009"
AEDC,Australian Early Development Census Language 2012,madipge-aedc-d-language-2012,"MADIP GE, d, AEDC, Language data, 2012"
AEDC,Australian Early Development Census Language 2015,madipge-aedc-d-language-2015,"MADIP GE, d, AEDC, Language data, 2015"
AEDC,Australian Early Development Census Language 2018,madipge-aedc-d-language-2018,"MADIP GE, d, AEDC, Language data, 2018"
AEDC,Australian Early Development Census Language 2021,madipge-aedc-d-language-2021,"MADIP GE, d, AEDC, Language data, 2021"
AEDC,Australian Early Development Census Language 2024,madipge-aedc-d-language-2024,"MADIP GE, d, AEDC, Language data, 2024"
AEDC,Australian Early Development Census Special Needs 2009,madipge-aedc-d-specialneeds-2009,"MADIP GE, d, AEDC, Special Needs data, 2009"
AEDC,Australian Early Development Census Special Needs 2012,madipge-aedc-d-specialneeds-2012,"MADIP GE, d, AEDC, Special Needs data, 2012"
AEDC,Australian Early Development Census Special Needs 2015,madipge-aedc-d-specialneeds-2015,"MADIP GE, d, AEDC, Special Needs data, 2015"
AEDC,Australian Early Development Census Special Needs 2018,madipge-aedc-d-specialneeds-2018,"MADIP GE, d, AEDC, Special Needs data, 2018"
AEDC,Australian Early Development Census Special Needs 2021,madipge-aedc-d-specialneeds-2021,"MADIP GE, d, AEDC, Special Needs data, 2021"
AEDC,Australian Early Development Census Special Needs 2024,madipge-aedc-d-specialneeds-2024,"MADIP GE, d, AEDC, Special Needs data, 2024"
AIR,Australian Immunisation Register 2010 - latest,madip-vacstrat-air,"MADIP, Australian Immunisation Register, 2010 - latest"
AMEP,Adult Migrant English Program (AMEP) 2003-2019,madipge-mig-d-amep-activity-03-11,"MADIP GE, 100121d, MIGRATION, AMEP client activity, 2003-2011"
AMEP,Adult Migrant English Program (AMEP) 2003-2019,madipge-mig-d-amep-activity-11-19,"MADIP GE, 100122d, MIGRATION, AMEP client activity, 2011-2019"
AMEP,Adult Migrant English Program (AMEP) 2003-2019,madipge-mig-d-amep-address-03-19,"MADIP GE, 100119d, MIGRATION, AMEP Address details, 2003-2019"
AMEP,Adult Migrant English Program (AMEP) 2003-2019,madipge-mig-d-amep-award-codes-03-19,"MADIP GE, 100124d, MIGRATION, AMEP language course reference codes, 2003-2019"
AMEP,Adult Migrant English Program (AMEP) 2003-2019,madipge-mig-d-amep-awards-03-19,"MADIP GE, 100123d, MIGRATION, AMEP language course, 2003-2019"
AMEP,Adult Migrant English Program (AMEP) 2003-2019,madipge-mig-d-amep-client-03-19,"MADIP GE, 100120d, MIGRATION, AMEP client profile, 2003-2019"
AMEP,Adult Migrant English Program (AMEP) 2003-2019,madipge-mig-d-amep-english-03-19,"MADIP GE, 100125d, MIGRATION, AMEP English proficiency, 2003-2019"
APSED,APS Employment Dataset,pmp-apsed,"PMP, APS Employment Dataset"
ATO_CR,ATO Client Register 1999 - latest,madipge-ato-d-clientreg-demogs-1999-current,"MADIP GE, d, ATO, Client Register - Demographics, 1999-current"
ATO_CR,ATO Client Register 1999 - latest,madipge-ato-d-clientregaddr-1999-current,"MADIP GE, d, ATO, Client Register - Address, 1999-current"
ATO_MCS,Member Contributions Statement,pmp-ato-mcs,"PMP, ATO Member Contributions Statement"
BIRTHS,Birth Registrations 2006 - latest,plidage-births-2006-latest,Birth Registrations 2006 - latest
BUSOWN,Business Ownership,madipge-ato-d-business-owners-fy0910,"MADIP GE, d, ATO, business owners concordance, fy2009-10"
BUSOWN,Business Ownership,madipge-ato-d-business-owners-fy1011,"MADIP GE, d, ATO, business owners concordance, fy2010-11"
BUSOWN,Business Ownership,madipge-ato-d-business-owners-fy1112,"MADIP GE, d, ATO, business owners concordance, fy2011-12"
BUSOWN,Business Ownership,madipge-ato-d-business-owners-fy1213,"MADIP GE, d, ATO, business owners concordance, fy2012-13"
BUSOWN,Business Ownership,madipge-ato-d-business-owners-fy1314,"MADIP GE, d, ATO, business owners concordance, fy2013-14"
BUSOWN,Business Ownership,madipge-ato-d-business-owners-fy1415,"MADIP GE, d, ATO, business owners concordance, fy2014-15"
BUSOWN,Business Ownership,madipge-ato-d-business-owners-fy1516,"MADIP GE, d, ATO, business owners concordance, fy2015-16"
BUSOWN,Business Ownership,madipge-ato-d-business-owners-fy1617,"MADIP GE, d, ATO, business owners concordance, fy2016-17"
BUSOWN,Business Ownership,madipge-ato-d-business-owners-fy1718,"MADIP GE, d, ATO, business owners concordance, fy2017-18"
BUSOWN,Business Ownership,madipge-ato-d-business-owners-fy1819,"MADIP GE, d, ATO, business owners concordance, fy2018-19"
BUSOWN,Business Ownership,madipge-ato-d-business-owners-fy1920,"MADIP GE, d, ATO, business owners concordance, fy2019-20"
BUSOWN,Business Ownership,madipge-ato-d-business-owners-fy2021,"MADIP GE, d, ATO, business owners concordance, fy2020-21"
BUSOWN,Business Ownership,madipge-ato-d-business-owners-fy2122,"MADIP GE, d, ATO, business owners concordance, fy2021-22"
BUSOWN,Business Ownership,madipge-ato-d-business-owners-fy2223,"MADIP GE, d, ATO, business owners concordance, fy2022-23"
BUSOWN,Business Ownership,madipge-ato-d-business-owners-fy2324,"MADIP GE, d, ATO, business owners concordance, fy2023-24"
CENSUS,Census of Population and Housing 2011,madipge-cen11-d-dwelling-2011,"MADIP GE, 040103d, CENSUS2011, Dwelling level variables, 2011"
CENSUS,Census of Population and Housing 2011,madipge-cen11-d-family-2011,"MADIP GE, 040102d, CENSUS2011, Family level variables, 2011"
CENSUS,Census of Population and Housing 2011,madipge-cen11-d-person-2011,"MADIP GE, 040101d, CENSUS2011, Person level variables, 2011"
CENSUS,Census of Population and Housing 2016,madip-ge-030101d-census2016-census2016person-2016,"MADIP GE, 030101d, CENSUS2016, Person level variables, 2016"
CENSUS,Census of Population and Housing 2016,madip-ge-030102d-census2016-census2016family-2016,"MADIP GE, 030102d, CENSUS2016, Family level variables, 2016"
CENSUS,Census of Population and Housing 2016,madip-ge-030103d-census2016-census2016dwelling-2016,"MADIP GE, 030103d, CENSUS2016, Dwelling level variables, 2016"
CENSUS,Census of Population and Housing 2021,madipge-cen21-d-dwelling-2021,"MADIP GE, d, CENSUS2021, Dwelling level variables, 2021"
CENSUS,Census of Population and Housing 2021,madipge-cen21-d-family-2021,"MADIP GE, d, CENSUS2021, Family level variables, 2021"
CENSUS,Census of Population and Housing 2021,madipge-cen21-d-person-2021,"MADIP GE, d, CENSUS2021, Person level variables, 2021"
CGT,Capital Gains Tax,pmp-cgt-2000-01,"MADIP GE, d, CGT, Capital Gains Tax, fy0001"
CGT,Capital Gains Tax,pmp-cgt-2001-02,"MADIP GE, d, CGT, Capital Gains Tax, fy0102"
CGT,Capital Gains Tax,pmp-cgt-2002-03,"MADIP GE, d, CGT, Capital Gains Tax, fy0203"
CGT,Capital Gains Tax,pmp-cgt-2003-04,"MADIP GE, d, CGT, Capital Gains Tax, fy0304"
CGT,Capital Gains Tax,pmp-cgt-2004-05,"MADIP GE, d, CGT, Capital Gains Tax, fy0405"
CGT,Capital Gains Tax,pmp-cgt-2005-06,"MADIP GE, d, CGT, Capital Gains Tax, fy0506"
CGT,Capital Gains Tax,pmp-cgt-2006-07,"MADIP GE, d, CGT, Capital Gains Tax, fy0607"
CGT,Capital Gains Tax,pmp-cgt-2007-08,"MADIP GE, d, CGT, Capital Gains Tax, fy0708"
CGT,Capital Gains Tax,pmp-cgt-2008-09,"MADIP GE, d, CGT, Capital Gains Tax, fy0809"
CGT,Capital Gains Tax,pmp-cgt-2009-10,"MADIP GE, d, CGT, Capital Gains Tax, fy0910"
CGT,Capital Gains Tax,pmp-cgt-2010-11,"MADIP GE, d, CGT, Capital Gains Tax, fy1011"
CGT,Capital Gains Tax,pmp-cgt-2011-12,"MADIP GE, d, CGT, Capital Gains Tax, fy1112"
CGT,Capital Gains Tax,pmp-cgt-2012-13,"MADIP GE, d, CGT, Capital Gains Tax, fy1213"
CGT,Capital Gains Tax,pmp-cgt-2013-14,"MADIP GE, d, CGT, Capital Gains Tax, fy1314"
CGT,Capital Gains Tax,pmp-cgt-2014-15,"MADIP GE, d, CGT, Capital Gains Tax, fy1415"
CGT,Capital Gains Tax,pmp-cgt-2015-16,"MADIP GE, d, CGT, Capital Gains Tax, fy1516"
CGT,Capital Gains Tax,pmp-cgt-2016-17,"MADIP GE, d, CGT, Capital Gains Tax, fy1617"
CGT,Capital Gains Tax,pmp-cgt-2017-18,"MADIP GE, d, CGT, Capital Gains Tax, fy1718"
CGT,Capital Gains Tax,pmp-cgt-2018-19,"MADIP GE, d, CGT, Capital Gains Tax, fy1819"
CGT,Capital Gains Tax,pmp-cgt-2019-20,"MADIP GE, d, CGT, Capital Gains Tax, fy1920"
CGT,Capital Gains Tax,pmp-cgt-2020-21,"MADIP GE, d, CGT, Capital Gains Tax, fy2021"
CGT,Capital Gains Tax,pmp-cgt-2021-22,"MADIP GE, d, CGT, Capital Gains Tax, fy2122"
CGT,Capital Gains Tax,pmp-cgt-2022-23,"MADIP GE, d, CGT, Capital Gains Tax, fy2223"
COMBINED,Combined Demographics Indigenous status 2006-latest (2011 Census),madipge-comb-d-demog-ind-c11-06-latest,"MADIP GE, d, COMBINED, Combined demographics indigenous variables - includes 2011 Census, 2006-latest"
COMBINED,Combined Demographics Indigenous status 2006-latest (2016 Census),madipge-comb-d-demog-ind-c16-06-latest,"MADIP GE, d, COMBINED, Combined demographics indigenous variables - includes 2016 Census, 2006-latest"
COMBINED,Combined Demographics Indigenous status 2006-latest (2021 Census),madipge-comb-d-demog-ind-c21-06-latest,"MADIP GE, d, COMBINED, Combined demographics indigenous variables - includes 2021 Census, 2006-latest"
COMBINED,Combined Demographics Indigenous status 2006-latest (No Census),madipge-comb-d-demog-ind-nc-06-latest,"MADIP GE, d, COMBINED, Combined demographics indigenous variables -no census, 2006-latest"
CORE,Core Demographics 2006-latest (2011 Census),plidage-core-demog-cb-c11-2006-latest,"PLIDAGE CORE, Combined, Demographics, 2006-latest (Census 2011 version)"
CORE,Core Demographics 2006-latest (2011 Census),plidage-core-demog-ss-c11-2006-latest,"PLIDAGE CORE, Single Source, Demographics, 2006-latest (Census 2011 version)"
CORE,Core Demographics 2006-latest (2016 Census),plidage-core-demog-cb-c16-2006-latest,"PLIDAGE CORE, Combined, Demographics, 2006-latest (Census 2016 version)"
CORE,Core Demographics 2006-latest (2016 Census),plidage-core-demog-ss-c16-2006-latest,"PLIDAGE CORE, Single Source, Demographics, 2006-latest (Census 2016 version)"
CORE,Core Demographics 2006-latest (2021 Census),plidage-core-demog-cb-c21-2006-latest,"PLIDAGE CORE, Combined, Demographics, 2006-latest (Census 2021 version)"
CORE,Core Demographics 2006-latest (2021 Census),plidage-core-demog-ss-c21-2006-latest,"PLIDAGE CORE, Single Source, Demographics, 2006-latest (Census 2021 version)"
CORE,Core Demographics 2006-latest (No Census),plidage-core-demog-cb-nc-2006-latest,"PLIDAGE CORE, Combined, Demographics, 2006-latest (No Census version)"
CORE,Core Demographics 2006-latest (No Census),plidage-core-demog-ss-nc-2006-latest,"PLIDAGE CORE, Single Source, Demographics, 2006-latest (No Census version)"
CORE,Core Income,plidage-core-income-cb-annual,"PLIDAGE CORE, Combined Annual Income"
CORE,Core Income,plidage-core-income-cb-weekly,"PLIDAGE CORE, Combined Weekly Income"
CORE,Core Income,plidage-core-income-ss-annual,"PLIDAGE CORE, Single Source Annual Income"
CORE,Core Income,plidage-core-income-ss-weekly,"PLIDAGE CORE, Single Source Weekly Income"
CORE,Core Locations 2006-latest,plidage-core-locat-cb-2006-latest,"PLIDAGE CORE, Combined, Locations, 2006-latest"
CORE,Core Locations 2006-latest,plidage-core-locat-ss-2006-latest,"PLIDAGE CORE, Single Source, Locations, 2006-latest"
CORE,Core Relationships 2006-latest (2011 Census),plidage-core-relat-cb-c11-2006-latest,"PLIDAGE CORE, Combined, Relationships, 2006-latest (Census 2011 version)"
CORE,Core Relationships 2006-latest (2011 Census),plidage-core-relat-ss-c11-2006-latest,"PLIDAGE CORE, Single Source, Relationships, 2006-latest (Census 2011 version)"
CORE,Core Relationships 2006-latest (2016 Census),plidage-core-relat-cb-c16-2006-latest,"PLIDAGE CORE, Combined, Relationships, 2006-latest (Census 2016 version)"
CORE,Core Relationships 2006-latest (2016 Census),plidage-core-relat-ss-c16-2006-latest,"PLIDAGE CORE, Single Source, Relationships, 2006-latest (Census 2016 version)"
CORE,Core Relationships 2006-latest (2021 Census),plidage-core-relat-cb-c21-2006-latest,"PLIDAGE CORE, Combined, Relationships, 2006-latest (Census 2021 version)"
CORE,Core Relationships 2006-latest (2021 Census),plidage-core-relat-ss-c21-2006-latest,"PLIDAGE CORE, Single Source, Relationships, 2006-latest (Census 2021 version)"
CORE,Core Relationships 2006-latest (No Census),plidage-core-relat-cb-nc-2006-latest,"PLIDAGE CORE, Combined, Relationships, 2006-latest (No Census version)"
CORE,Core Relationships 2006-latest (No Census),plidage-core-relat-ss-nc-2006-latest,"PLIDAGE CORE, Single Source, Relationships, 2006-latest (No Census version)"
CORE,Core Scoping 2006-latest,plidage-core-scope-acti-cb-2006-latest,"PLIDAGE CORE, Combined, Activity Flags, 2006-latest"
CORE,Core Scoping 2006-latest,plidage-core-scope-acti-ss-2006-latest,"PLIDAGE CORE, Single Source, Activity Flags, 2006-latest"
CORE,Core Scoping 2006-latest,plidage-core-scope-resi-erp-2006-latest,"PLIDAGE CORE, Single Source, ERP Status, 2006-latest"
CORE,Core Scoping 2006-latest,plidage-core-scope-resi-pp-2006-latest,"PLIDAGE CORE, Single Source, Physical Presence Status and Weight, 2006-latest"
CORE,Core Scoping 2006-latest,plidage-core-scope-vitals-cb-2006-latest,"PLIDAGE CORE, Combined, Vitals, 2006-latest"
DEATHS,Death Registrations,madip-ge-050101d-deaths-deathregistrations2007-2007,"MADIP GE, 050101d, DEATHS, Registration details, 2007"
DEATHS,Death Registrations,madip-ge-050102d-deaths-causeofdeath2007-2007,"MADIP GE, 050102d, DEATHS, Cause of Death details, 2007"
DEATHS,Death Registrations,madip-ge-050103d-deaths-deathregistrations2008-2008,"MADIP GE, 050103d, DEATHS, Registration details, 2008"
DEATHS,Death Registrations,madip-ge-050104d-deaths-causeofdeath2008-2008,"MADIP GE, 050104d, DEATHS, Cause of Death details, 2008"
DEATHS,Death Registrations,madip-ge-050105d-deaths-deathregistrations2009-2009,"MADIP GE, 050105d, DEATHS, Registration details, 2009"
DEATHS,Death Registrations,madip-ge-050106d-deaths-causeofdeath2009-2009,"MADIP GE, 050106d, DEATHS, Cause of Death details, 2009"
DEATHS,Death Registrations,madip-ge-050107d-deaths-deathregistrations2010-2010,"MADIP GE, 050107d, DEATHS, Registration details, 2010"
DEATHS,Death Registrations,madip-ge-050108d-deaths-causeofdeath2010-2010,"MADIP GE, 050108d, DEATHS, Cause of Death details, 2010"
DEATHS,Death Registrations,madip-ge-050109d-deaths-deathregistrations2011-2011,"MADIP GE, 050109d, DEATHS, Registration details, 2011"
DEATHS,Death Registrations,madip-ge-050110d-deaths-causeofdeath2011-2011,"MADIP GE, 050110d, DEATHS, Cause of Death details, 2011"
DEATHS,Death Registrations,madip-ge-050111d-deaths-deathregistrations2012-2012,"MADIP GE, 050111d, DEATHS, Registration details, 2012"
DEATHS,Death Registrations,madip-ge-050112d-deaths-causeofdeath2012-2012,"MADIP GE, 050112d, DEATHS, Cause of Death details, 2012"
DEATHS,Death Registrations,madip-ge-050114d-deaths-causeofdeath2013-2013,"MADIP GE, 050114d, DEATHS, Cause of Death details, 2013"
DEATHS,Death Registrations,madip-ge-050116d-deaths-causeofdeath2014-2014,"MADIP GE, 050116d, DEATHS, Cause of Death details, 2014"
DEATHS,Death Registrations,madip-ge-050118d-deaths-causeofdeath2015-2015,"MADIP GE, 050118d, DEATHS, Cause of Death details, 2015"
DEATHS,Death Registrations,madip-ge-050120d-deaths-causeofdeath2016-2016,"MADIP GE, 050120d, DEATHS, Cause of Death details, 2016"
DEATHS,Death Registrations,madip-ge-050122d-deaths-causeofdeath2017-2017,"MADIP GE, 050122d, DEATHS, Cause of Death details, 2017"
DEATHS,Death Registrations,madip-ge-050124d-deaths-causeofdeath2018-2018,"MADIP GE, 050124d, DEATHS, Cause of Death details, 2018"
DEATHS,Death Registrations,madipge-death-d-cause-of-death-2019,"MADIP GE, 050126d, DEATHS, Cause of Death details, 2019"
DEATHS,Death Registrations,madipge-death-d-cause-of-death-2020,"MADIP GE, 050128d, DEATHS, Cause of Death details, 2020"
DEATHS,Death Registrations,madipge-death-d-cause-of-death-2021,"MADIP GE, d, DEATHS, Cause of Death details, 2021"
DEATHS,Death Registrations,madipge-death-d-cause-of-death-2022,"MADIP GE, d, DEATHS, Cause of Death details, 2022"
DEATHS,Death Registrations,madipge-death-d-cause-of-death-2023,"MADIP GE, d, DEATHS, Cause of Death details, 2023"
DEATHS,Death Registrations,madipge-death-d-cause-of-death-2024,"MADIP GE, d, DEATHS, Cause of Death details, 2024"
DEX,Data Exchange Extended Module 2015 - latest,madipge-dex-d-extended-15-current,"MADIP GE, d, DEX, Special/Extended Module, 2015-current"
DOMINO,DOMINO Centrelink Administrative Data Base Module 2000 - latest,madipge-dom-monthly-d-base,"MADIP GE, d, DOMINO Monthly, Base"
DOMINO,DOMINO Centrelink Administrative Data Disability and Carers 2000 - latest,madipge-dom-monthly-d-disability-carers,"MADIP GE, d, DOMINO Monthly, Disability and Carers"
DOMINO,DOMINO Centrelink Administrative Data Families and Children 2000 - latest,madipge-dom-monthly-d-families-children,"MADIP GE, d, DOMINO Monthly, Families and Children"
DOMINO,DOMINO Centrelink Administrative Data Indigenous Status 2000 - latest,madipge-dom-monthly-d-indg-stat,"MADIP GE, d, DOMINO Monthly, Indigenous Status"
DOMINO,DOMINO Centrelink Administrative Data Older Students 2000 - latest,madipge-dom-monthly-d-older-students,"MADIP GE, d, DOMINO Monthly, Older Students"
DOMINO,DOMINO Centrelink Administrative Data Retirement and Widows 2000 - latest,madipge-dom-monthly-d-retirement-widows,"MADIP GE, d, DOMINO Monthly, Retirement and Widows"
DOMINO,DOMINO Centrelink Administrative Data Special Benefits - Clean Energy Advance 2000 - latest,madipge-dom-monthly-d-pyh-cea,"MADIP GE, d, DOMINO Monthly, Payment History - Clean Energy Advance"
DOMINO,DOMINO Centrelink Administrative Data Special Benefits - Emergency Payment 2000 - latest,madipge-dom-monthly-d-pyh-emg,"MADIP GE, d, DOMINO Monthly, Payment History - Emergency Payment"
DOMINO,DOMINO Centrelink Administrative Data Special Benefits - Emergency Recovery Assistance 2000 - latest,madipge-dom-monthly-d-pyh-era,"MADIP GE, d, DOMINO Monthly, Payment History - Emergency Recovery Assistance"
DOMINO,DOMINO Centrelink Administrative Data Special Benefits - Emergency Recovery Payment 2000 - latest,madipge-dom-monthly-d-pyh-erp,"MADIP GE, d, DOMINO Monthly, Payment History - Emergency Recovery Payment"
DOMINO,DOMINO Centrelink Administrative Data Special Benefits - Exceptional Circumstance Payment 2000 - latest,madipge-dom-monthly-d-pyh-ecp,"MADIP GE, d, DOMINO Monthly, Payment History - Exceptional Circumstance Payment"
DOMINO,DOMINO Centrelink Administrative Data Special Benefits - Income Management 2000 - latest,madipge-dom-monthly-d-pyh-inm,"MADIP GE, d, DOMINO Monthly, Payment History - Income Management"
DOMINO,DOMINO Centrelink Administrative Data Special Benefits - Low Income Supplement 2000 - latest,madipge-dom-monthly-d-pyh-cls,"MADIP GE, d, DOMINO Monthly, Payment History - Low Income Supplement"
DOMINO,DOMINO Centrelink Administrative Data Special Benefits - Pension Bereavement Bonus Payment 2000 - latest,madipge-dom-monthly-d-pyh-pbb,"MADIP GE, d, DOMINO Monthly, Payment History - Pension Bereavement Bonus Payment"
DOMINO,DOMINO Centrelink Administrative Data Special Benefits - Savings Bonus GSR Assistance Scheme 2000 - latest,madipge-dom-monthly-d-pyh-gsr,"MADIP GE, d, DOMINO Monthly, Payment History - Savings Bonus GSR Assistance Scheme"
DOMINO,DOMINO Centrelink Administrative Data Special Benefits - Savings Bonus GST Assistance Scheme 2000 - latest,madipge-dom-monthly-d-pyh-svg,"MADIP GE, d, DOMINO Monthly, Payment History - Savings Bonus GST Assistance Scheme"
DOMINO,DOMINO Centrelink Administrative Data Special Benefits - Savings Bonus for existing CIS customers 2000 - latest,madipge-dom-monthly-d-pyh-svk,"MADIP GE, d, DOMINO Monthly, Payment History - Savings Bonus for existing CIS customers"
DOMINO,DOMINO Centrelink Administrative Data Special Benefits - Savings Bonus paid by CLK 2000 - latest,madipge-dom-monthly-d-pyh-svw,"MADIP GE, d, DOMINO Monthly, Payment History - Savings Bonus paid by CLK"
DOMINO,DOMINO Centrelink Administrative Data Special Benefits - Savings Bonus via ATO 2000 - latest,madipge-dom-monthly-d-pyh-svt,"MADIP GE, d, DOMINO Monthly, Payment History - Savings Bonus via ATO"
DOMINO,DOMINO Centrelink Administrative Data Special Benefits - Savings Bonus via DVA 2000 - latest,madipge-dom-monthly-d-pyh-svv,"MADIP GE, d, DOMINO Monthly, Payment History - Savings Bonus via DVA"
DOMINO,DOMINO Centrelink Administrative Data Special Benefits - Special Benefit 2000 - latest,madipge-dom-monthly-d-pyh-spl,"MADIP GE, d, DOMINO Monthly, Payment History - Special Benefit"
DOMINO,DOMINO Centrelink Administrative Data Special Tables - Abstudy Education Entitlement History 2000 - latest,madipge-dom-monthly-d-een-abstudy-hist,"MADIP GE, d, DOMINO Monthly, Abstudy Education Entitlement History"
DOMINO,DOMINO Centrelink Administrative Data Special Tables - Assistance for Isolated Children Education Entitlement History 2000 - latest,madipge-dom-monthly-d-een-aic-hist,"MADIP GE, d, DOMINO Monthly, Assistance for Isolated Children Education Entitlement History"
DOMINO,DOMINO Centrelink Administrative Data Special Tables - Defence Force Income Support Allowances 2000 - latest,madipge-dom-monthly-d-inc-dfi,"MADIP GE, d, DOMINO Monthly, Defence Force Income Support Allowances"
DOMINO,DOMINO Centrelink Administrative Data Special Tables - Department of Veterans Affairs Income 2000 - latest,madipge-dom-monthly-d-inc-dva,"MADIP GE, d, DOMINO Monthly, Department of Veterans Affairs Income"
DOMINO,DOMINO Centrelink Administrative Data Special Tables - Education Entry Payment Entitlement History 2000 - latest,madipge-dom-monthly-d-een-edep-hist,"MADIP GE, d, DOMINO Monthly, Education Entry Payment Entitlement History"
DOMINO,DOMINO Centrelink Administrative Data Special Tables - Grandparent-Grandchild relationship details 2000 - latest,madipge-dom-monthly-d-rlt-grandpar-grandchild,"MADIP GE, d, DOMINO Monthly, Grandparent-Grandchild relationship details"
DOMINO,DOMINO Centrelink Administrative Data Special Tables - Income associated with Senior Healthcare Card Eligibility 2000 - latest,madipge-dom-monthly-d-inc-shc,"MADIP GE, d, DOMINO Monthly, Income associated with Senior Healthcare Card Eligibility"
DOMINO,DOMINO Centrelink Administrative Data Special Tables - Income from Community Development Employment Projects 2000 - latest,madipge-dom-monthly-d-inc-cdep,"MADIP GE, d, DOMINO Monthly, Income from Community Development Employment Projects"
DOMINO,DOMINO Centrelink Administrative Data Special Tables - Location Boundaries Postal Temporary or Term 2000 - latest,madipge-dom-monthly-d-loc-pos-temp-term-dtls,"MADIP GE, d, DOMINO Monthly, Non-home address history"
DOMINO,DOMINO Centrelink Administrative Data Special Tables - One-off advance payments 2000 - latest,madipge-dom-monthly-d-pyh-oneoff-adv,"MADIP GE, d, DOMINO Monthly, Payment History - One-off advance payments"
DOMINO,DOMINO Centrelink Administrative Data Special Tables - Other income from Community Development Employment Projects 2000 - latest,madipge-dom-monthly-d-inc-cdep-other,"MADIP GE, d, DOMINO Monthly, Other income from Community Development Employment Projects"
DOMINO,DOMINO Centrelink Administrative Data Special Tables - Pensioner Education Supplement Entitlement History 2000 - latest,madipge-dom-monthly-d-een-pes-hist,"MADIP GE, d, DOMINO Monthly, Pensioner Education Supplement Entitlement History"
DOMINO,DOMINO Centrelink Administrative Data Working Age 2000 - latest,madipge-dom-monthly-d-working-age,"MADIP GE, d, DOMINO Monthly, Working Age"
DOMINO,DOMINO Centrelink Administrative Data Working Age BETA - Principal Carer 2000 - latest,madipge-dom-monthly-d-rlt-prin-carer-beta,"MADIP GE, d, DOMINO Monthly, Relationship Details Principal Carer"
ERS,COVID-19 Early Release of Super scheme 2020,madipmp-ato-early-release-super,"MADIP GE, d, ATO, Early Release Super, 2020"
HE,Higher Education 2005 - latest,madipge-hied,"MADIP GE, d, HIED"
JK,JobKeeper Payment 2020-2021,madipmp-ato-jobkeeper,"MADIP GE, d, ATO, JobKeeper, 2020-21"
JM,JobMaker Hiring Credit scheme 2020-2022,madipmp-ato-jobmaker,"MADIP GE, d, ATO, JobMaker, 2020-21"
LFS,Longitudinal Labour Force Survey,pmp-llfs,"ABS 6602.0 Microdata: Longitudinal Labour Force, Australia (updated Apr 2026)"
LFS,Longitudinal Labour Force Survey,pmp-coes,ABS 6333.0.00.001 Characteristics of Employment supplementary file for LLFS (COES_v2508)
MBS,Medicare Benefits Schedule,madipge-mbs-d-claims-2006,"MADIP GE, d, MBS, Claims data, 2006"
MBS,Medicare Benefits Schedule,madipge-mbs-d-claims-2007,"MADIP GE, d, MBS, Claims data, 2007"
MBS,Medicare Benefits Schedule,madipge-mbs-d-claims-2008,"MADIP GE, d, MBS, Claims data, 2008"
MBS,Medicare Benefits Schedule,madipge-mbs-d-claims-2009,"MADIP GE, d, MBS, Claims data, 2009"
MBS,Medicare Benefits Schedule,madipge-mbs-d-claims-2010,"MADIP GE, d, MBS, Claims data, 2010"
MBS,Medicare Benefits Schedule,madipge-mbs-d-claims-2011,"MADIP GE, 180101d, MBS, Claims data, 2011"
MBS,Medicare Benefits Schedule,madipge-mbs-d-claims-2012,"MADIP GE, 180102d, MBS, Claims data, 2012"
MBS,Medicare Benefits Schedule,madipge-mbs-d-claims-2013,"MADIP GE, 180103d, MBS, Claims data, 2013"
MBS,Medicare Benefits Schedule,madipge-mbs-d-claims-2014,"MADIP GE, 180104d, MBS, Claims data, 2014"
MBS,Medicare Benefits Schedule,madipge-mbs-d-claims-2015,"MADIP GE, 180105d, MBS, Claims data, 2015"
MBS,Medicare Benefits Schedule,madipge-mbs-d-claims-2016,"MADIP GE, 180106d, MBS, Claims data, 2016"
MBS,Medicare Benefits Schedule,madipge-mbs-d-claims-2017,"MADIP GE, 180107d, MBS, Claims data, 2017"
MBS,Medicare Benefits Schedule,madipge-mbs-d-claims-2018,"MADIP GE, 180108d, MBS, Claims data, 2018"
MBS,Medicare Benefits Schedule,madipge-mbs-d-claims-2019,"MADIP GE, 180109d, MBS, Claims data, 2019"
MBS,Medicare Benefits Schedule,madipge-mbs-d-claims-2020,"MADIP GE, 180110d, MBS, Claims data, 2020"
MBS,Medicare Benefits Schedule,madipge-mbs-d-claims-2021,"MADIP GE, 180111d, MBS, Claims data, 2021"
MBS,Medicare Benefits Schedule,madipge-mbs-d-claims-2022,"MADIP GE, d, MBS, Claims data, 2022"
MBS,Medicare Benefits Schedule,madipge-mbs-d-claims-2023,"MADIP GE, d, MBS, Claims data, 2023"
MBS,Medicare Benefits Schedule,madipge-mbs-d-claims-2024,"MADIP GE, d, MBS, Claims data, 2024"
MBS,Medicare Benefits Schedule,madipge-mbs-d-claims-2025,"MADIP GE, d, MBS, Claims data, 2025"
MCD,Medicare Consumer Directory 2006 - latest,madipge-mcd-d-enrolments-06-current,"MADIP GE, d, MCD, Enrolments data, 2006-current"
MT_DEMOGS,Migrant and Traveller Demographics 1990 - latest,madipge-mig-d-demographics-1990-current,"MADIP GE, d, MIGRATION, Demographic details, 1990-current"
NACDC,Aged Care Data 2015-current,madipge-aged-care-d-agedrecipient-15-current,"MADIP GE, d, AGED-CARE, aged_recipient, 2015-current"
NACDC,Aged Care Data 2015-current,madipge-aged-care-d-agedservice-15-current,"MADIP GE, d, AGED-CARE, aged_service, 2015-current"
NACDC,Aged Care Data 2015-current,madipge-aged-care-d-chsp-16-current,"MADIP GE, d, AGED-CARE, commonwealth home support programme, 2016-current"
NACDC,Aged Care Data 2015-current,madipge-aged-care-d-hcp-15-current,"MADIP GE, d, AGED-CARE, home care packages, 2015-current"
NACDC,Aged Care Data 2015-current,madipge-aged-care-d-rac-15-current,"MADIP GE, d, AGED-CARE, residential aged care, 2015-current"
NACDC,Aged Care Data 2015-current,madipge-aged-care-d-tcp-15-current,"MADIP GE, d, AGED-CARE, transition care packages, 2015-current"
NDIS,National Disability Insurance Scheme Expanded Carers 2013-current,madipge-ndis-exp-d-carers-13-current,"MADIP GE, d, NDIS-EXP, carer information, 2013-current"
NDIS,National Disability Insurance Scheme Expanded Outcomes 2013-current,madipge-ndis-exp-d-outcomes-13-current,"MADIP GE, d, NDIS-EXP,  outcomes survey information, 2013-current"
NDIS,National Disability Insurance Scheme Expanded Participants 2013-current,madipge-ndis-exp-d-participants-13-current,"MADIP GE, d, NDIS-EXP, participant information, 2013-current"
NDIS,National Disability Insurance Scheme Expanded Payments 2013-current,madipge-ndis-exp-d-payments-13-current,"MADIP GE, d, NDIS-EXP, payments information, 2013-current"
NDIS,National Disability Insurance Scheme Expanded Providers 2013-current,madipge-ndis-exp-d-providers-13-current,"MADIP GE, d, NDIS-EXP, provider information, 2013-current"
NDIS,National Disability Insurance Scheme Expanded Supports 2013-current,madipge-ndis-exp-d-plansupports-13-current,"MADIP GE, d, NDIS-EXP, plan support information, 2013-current"
NHS,National Health Survey 2014-15,madip-ge-060101d-nhs1415-mdiact-2014-2015,"MADIP GE, 060101d, NHS1415, Action items, 2014-2015"
NHS,National Health Survey 2014-15,madip-ge-060102d-nhs1415-mdialc3-2014-2015,"MADIP GE, 060102d, NHS1415, Alcoholic consumption - day level, 2014-2015"
NHS,National Health Survey 2014-15,madip-ge-060103d-nhs1415-mdialc14-2014-2015,"MADIP GE, 060103d, NHS1415, Alcoholic consumption - type level, 2014-2015"
NHS,National Health Survey 2014-15,madip-ge-060104d-nhs1415-mdicon-2014-2015,"MADIP GE, 060104d, NHS1415, Condition level items, 2014-2015"
NHS,National Health Survey 2014-15,madip-ge-060105d-nhs1415-mdihhd-2014-2015,"MADIP GE, 060105d, NHS1415, Household level items, 2014-2015"
NHS,National Health Survey 2014-15,madip-ge-060106d-nhs1415-mdimed-2014-2015,"MADIP GE, 060106d, NHS1415, Medications level items, 2014-2015"
NHS,National Health Survey 2014-15,madip-ge-060107d-nhs1415-mdisps-2014-2015,"MADIP GE, 060107d, NHS1415, Person level items, 2014-2015"
NHS,National Health Survey 2017-18,madip-ge-070101d-nhs1718-mnhs17a14-2017-2018,"MADIP GE, 070101d, NHS1718, Alcoholic consumption - type level, 2017-2018"
NHS,National Health Survey 2017-18,madip-ge-070102d-nhs1718-mnhs17al3-2017-2018,"MADIP GE, 070102d, NHS1718, Alcoholic consumption - day level, 2017-2018"
NHS,National Health Survey 2017-18,madip-ge-070103d-nhs1718-mnhs17con-2017-2018,"MADIP GE, 070103d, NHS1718, Condition level items, 2017-2018"
NHS,National Health Survey 2017-18,madip-ge-070104d-nhs1718-mnhs17hhd-2017-2018,"MADIP GE, 070104d, NHS1718, Household level items, 2017-2018"
NHS,National Health Survey 2017-18,madip-ge-070105d-nhs1718-mnhs17hls-2017-2018,"MADIP GE, 070105d, NHS1718, Health items, 2017-2018"
NHS,National Health Survey 2017-18,madip-ge-070106d-nhs1718-mnhs17med-2017-2018,"MADIP GE, 070106d, NHS1718, Medications level items, 2017-2018"
NHS,National Health Survey 2017-18,madip-ge-070107d-nhs1718-mnhs17sps-2017-2018,"MADIP GE, 070107d, NHS1718, Person level items, 2017-2018"
NHS,National Health Survey 2020-21,madipge-nhs-d-survey-20-21,"MADIP GE, d, NHS2021, Survey data, 2020-2021"
NHS,National Health Survey 2022,madipge-nhs-d-survey-2022,"MADIP GE, d, NHS2022, Survey data, 2022-2023"
NSMHW,National Study of Mental Health and Wellbeing 2020-2022,madipge-nsmhw-d-survey-20-22,"MADIP GE, d, NSMHW22, Survey data, 2020-2022"
PBS,Pharmaceutical Benefits Scheme,madipge-pbs-d-prescriptions-2006,"MADIP GE, d, PBS, Prescription data, 2006"
PBS,Pharmaceutical Benefits Scheme,madipge-pbs-d-prescriptions-2007,"MADIP GE, d, PBS, Prescription data, 2007"
PBS,Pharmaceutical Benefits Scheme,madipge-pbs-d-prescriptions-2008,"MADIP GE, d, PBS, Prescription data, 2008"
PBS,Pharmaceutical Benefits Scheme,madipge-pbs-d-prescriptions-2009,"MADIP GE, d, PBS, Prescription data, 2009"
PBS,Pharmaceutical Benefits Scheme,madipge-pbs-d-prescriptions-2010,"MADIP GE, 190101d, PBS, Prescription data, 2010"
PBS,Pharmaceutical Benefits Scheme,madipge-pbs-d-prescriptions-2011,"MADIP GE, 190101d, PBS, Prescription data, 2011"
PBS,Pharmaceutical Benefits Scheme,madipge-pbs-d-prescriptions-2012,"MADIP GE, 190102d, PBS, Prescription data, 2012"
PBS,Pharmaceutical Benefits Scheme,madipge-pbs-d-prescriptions-2013,"MADIP GE, 190103d, PBS, Prescription data, 2013"
PBS,Pharmaceutical Benefits Scheme,madipge-pbs-d-prescriptions-2014,"MADIP GE, 190104d, PBS, Prescription data, 2014"
PBS,Pharmaceutical Benefits Scheme,madipge-pbs-d-prescriptions-2015,"MADIP GE, 190105d, PBS, Prescription data, 2015"
PBS,Pharmaceutical Benefits Scheme,madipge-pbs-d-prescriptions-2016,"MADIP GE, 190106d, PBS, Prescription data, 2016"
PBS,Pharmaceutical Benefits Scheme,madipge-pbs-d-prescriptions-2017,"MADIP GE, 190107d, PBS, Prescription data, 2017"
PBS,Pharmaceutical Benefits Scheme,madipge-pbs-d-prescriptions-2018,"MADIP GE, 190108d, PBS, Prescription data, 2018"
PBS,Pharmaceutical Benefits Scheme,madipge-pbs-d-prescriptions-2019,"MADIP GE, 190109d, PBS, Prescription data, 2019"
PBS,Pharmaceutical Benefits Scheme,madipge-pbs-d-prescriptions-2020,"MADIP GE, 190110d, PBS, Prescription data, 2020"
PBS,Pharmaceutical Benefits Scheme,madipge-pbs-d-prescriptions-2021,"MADIP GE, 190111d, PBS, Prescription data, 2021"
PBS,Pharmaceutical Benefits Scheme,madipge-pbs-d-prescriptions-2022,"MADIP GE, 190112d, PBS, Prescription data, 2022"
PBS,Pharmaceutical Benefits Scheme,madipge-pbs-d-prescriptions-2023,"MADIP GE, 190112d, PBS, Prescription data, 2023"
PBS,Pharmaceutical Benefits Scheme,madipge-pbs-d-prescriptions-2024,"MADIP GE, d, PBS, Prescription data, 2024"
PBS,Pharmaceutical Benefits Scheme,madipge-pbs-d-prescriptions-2025,"MADIP GE, d, PBS, Prescription data, 2025"
PEX,Patient Experience Survey 2023,madipge-pex-d-survey-23-24,"MADIP GE, d, PEX23, Survey data, 2023-2024"
PIT_IE,ABS Derived Income,madipge-ato-d-pit-income-edited-10-11,"MADIP GE, 020100d, ATO, PIT Income Edited, 2010-11"
PIT_IE,ABS Derived Income,madipge-ato-d-pit-income-edited-11-12,"MADIP GE, 020100d, ATO, PIT Income Edited, 2011-12"
PIT_IE,ABS Derived Income,madipge-ato-d-pit-income-edited-12-13,"MADIP GE, 020100d, ATO, PIT Income Edited, 2012-13"
PIT_IE,ABS Derived Income,madipge-ato-d-pit-income-edited-13-14,"MADIP GE, 020100d, ATO, PIT Income Edited, 2013-14"
PIT_IE,ABS Derived Income,madipge-ato-d-pit-income-edited-14-15,"MADIP GE, 020100d, ATO, PIT Income Edited, 2014-15"
PIT_IE,ABS Derived Income,madipge-ato-d-pit-income-edited-15-16,"MADIP GE, 020100d, ATO, PIT Income Edited, 2015-16"
PIT_IE,ABS Derived Income,madipge-ato-d-pit-income-edited-16-17,"MADIP GE, 020100d, ATO, PIT Income Edited, 2016-17"
PIT_IE,ABS Derived Income,madipge-ato-d-pit-income-edited-17-18,"MADIP GE, 020100d, ATO, PIT Income Edited, 2017-18"
PIT_IE,ABS Derived Income,madipge-ato-d-pit-income-edited-18-19,"MADIP GE, 020100d, ATO, PIT Income Edited, 2018-19"
PIT_IE,ABS Derived Income,madipge-ato-d-pit-income-edited-19-20,"MADIP GE, 020100d, ATO, PIT Income Edited, 2019-20"
PIT_IE,ABS Derived Income,madipge-ato-d-pit-income-edited-20-21,"MADIP GE, 020100d, ATO, PIT Income Edited, 2020-21"
PIT_IE,ABS Derived Income,madipge-ato-d-pit-income-edited-fy2021-22,"MADIP GE, d, ATO, PIT Income Edited, fy2021-22"
PIT_IE,ABS Derived Income,madipge-ato-d-pit-income-edited-fy2223,"MADIP GE, d, ATO, PIT Income Edited, fy2022-23"
PIT_IE,ABS Derived Income,madipge-ato-d-pit-income-edited-fy2324,"MADIP GE, d, ATO, PIT Income Edited, fy2023-24"
PIT_ITR,Income Tax Return,madip-ge-020102d-ato-atoitrcontext1011-fy2010-11,"MADIP GE, 020102d, ATO, Income Tax Return - contextual variables, fy2010-11"
PIT_ITR,Income Tax Return,madip-ge-020103d-ato-atoitrdedexpoff1011-fy2010-11,"MADIP GE, 020103d, ATO, Income Tax Return - deductions expenses and offsets, fy2010-11"
PIT_ITR,Income Tax Return,madip-ge-020104d-ato-atoitrincloss1011-fy2010-11,"MADIP GE, 020104d, ATO, Income Tax Return - income and loss, fy2010-11"
PIT_ITR,Income Tax Return,madip-ge-020105d-ato-atoitrwhlddebt1011-fy2010-11,"MADIP GE, 020105d, ATO, Income Tax Return - tax withheld and debts, fy2010-11"
PIT_ITR,Income Tax Return,madip-ge-020107d-ato-atoitrcontext1112-fy2011-12,"MADIP GE, 020107d, ATO, Income Tax Return - contextual variables, fy2011-12"
PIT_ITR,Income Tax Return,madip-ge-020108d-ato-atoitrdedexpoff1112-fy2011-12,"MADIP GE, 020108d, ATO, Income Tax Return - deductions expenses and offsets, fy2011-12"
PIT_ITR,Income Tax Return,madip-ge-020109d-ato-atoitrincloss1112-fy2011-12,"MADIP GE, 020109d, ATO, Income Tax Return - income and loss, fy2011-12"
PIT_ITR,Income Tax Return,madip-ge-020110d-ato-atoitrwhlddebt1112-fy2011-12,"MADIP GE, 020110d, ATO, Income Tax Return - tax withheld and debts, fy2011-12"
PIT_ITR,Income Tax Return,madip-ge-020112d-ato-atoitrcontext1213-fy2012-13,"MADIP GE, 020112d, ATO, Income Tax Return - contextual variables, fy2012-13"
PIT_ITR,Income Tax Return,madip-ge-020113d-ato-atoitrdedexpoff1213-fy2012-13,"MADIP GE, 020113d, ATO, Income Tax Return - deductions expenses and offsets, fy2012-13"
PIT_ITR,Income Tax Return,madip-ge-020114d-ato-atoitrincloss1213-fy2012-13,"MADIP GE, 020114d, ATO, Income Tax Return - income and loss, fy2012-13"
PIT_ITR,Income Tax Return,madip-ge-020115d-ato-atoitrwhlddebt1213-fy2012-13,"MADIP GE, 020115d, ATO, Income Tax Return - tax withheld and debts, fy2012-13"
PIT_ITR,Income Tax Return,madip-ge-020117d-ato-atoitrcontext1314-fy2013-14,"MADIP GE, 020117d, ATO, Income Tax Return - contextual variables, fy2013-14"
PIT_ITR,Income Tax Return,madip-ge-020118d-ato-atoitrdedexpoff1314-fy2013-14,"MADIP GE, 020118d, ATO, Income Tax Return - deductions expenses and offsets, fy2013-14"
PIT_ITR,Income Tax Return,madip-ge-020119d-ato-atoitrincloss1314-fy2013-14,"MADIP GE, 020119d, ATO, Income Tax Return - income and loss, fy2013-14"
PIT_ITR,Income Tax Return,madip-ge-020120d-ato-atoitrwhlddebt1314-fy2013-14,"MADIP GE, 020120d, ATO, Income Tax Return - tax withheld and debts, fy2013-14"
PIT_ITR,Income Tax Return,madip-ge-020122d-ato-atoitrcontext1415-fy2014-15,"MADIP GE, 020122d, ATO, Income Tax Return - contextual variables, fy2014-15"
PIT_ITR,Income Tax Return,madip-ge-020123d-ato-atoitrdedexpoff1415-fy2014-15,"MADIP GE, 020123d, ATO, Income Tax Return - deductions expenses and offsets, fy2014-15"
PIT_ITR,Income Tax Return,madip-ge-020124d-ato-atoitrincloss1415-fy2014-15,"MADIP GE, 020124d, ATO, Income Tax Return - income and loss, fy2014-15"
PIT_ITR,Income Tax Return,madip-ge-020125d-ato-atoitrwhlddebt1415-fy2014-15,"MADIP GE, 020125d, ATO, Income Tax Return - tax withheld and debts, fy2014-15"
PIT_ITR,Income Tax Return,madip-ge-020127d-ato-atoitrcontext1516-fy2015-16,"MADIP GE, 020127d, ATO, Income Tax Return - contextual variables, fy2015-16"
PIT_ITR,Income Tax Return,madip-ge-020128d-ato-atoitrdedexpoff1516-fy2015-16,"MADIP GE, 020128d, ATO, Income Tax Return - deductions expenses and offsets, fy2015-16"
PIT_ITR,Income Tax Return,madip-ge-020129d-ato-atoitrincloss1516-fy2015-16,"MADIP GE, 020129d, ATO, Income Tax Return - income and loss, fy2015-16"
PIT_ITR,Income Tax Return,madip-ge-020130d-ato-atoitrwhlddebt1516-fy2015-16,"MADIP GE, 020130d, ATO, Income Tax Return - tax withheld and debts, fy2015-16"
PIT_ITR,Income Tax Return,madip-ge-020132d-ato-atoitrcontext1617-fy2016-17,"MADIP GE, 020132d, ATO, Income Tax Return - contextual variables, fy2016-17"
PIT_ITR,Income Tax Return,madip-ge-020133d-ato-atoitrdedexpoff1617-fy2016-17,"MADIP GE, 020133d, ATO, Income Tax Return - deductions expenses and offsets, fy2016-17"
PIT_ITR,Income Tax Return,madip-ge-020134d-ato-atoitrincloss1617-fy2016-17,"MADIP GE, 020134d, ATO, Income Tax Return - income and loss, fy2016-17"
PIT_ITR,Income Tax Return,madip-ge-020135d-ato-atoitrwhlddebt1617-fy2016-17,"MADIP GE, 020135d, ATO, Income Tax Return - tax withheld and debts, fy2016-17"
PIT_ITR,Income Tax Return,madip-ge-020137d-ato-atoitrcontext1718-fy2017-18,"MADIP GE, 020137d, ATO, Income Tax Return - contextual variables, fy2017-18"
PIT_ITR,Income Tax Return,madip-ge-020137d-ato-atoitrcontext1819-fy2018-19,"MADIP GE, 020137d, ATO, Income Tax Return - contextual variables, fy2018-19"
PIT_ITR,Income Tax Return,madip-ge-020138d-ato-atoitrdedexpoff1718-fy2017-18,"MADIP GE, 020138d, ATO, Income Tax Return - deductions expenses and offsets, fy2017-18"
PIT_ITR,Income Tax Return,madip-ge-020138d-ato-atoitrdedexpoff1819-fy2018-19,"MADIP GE, 020138d, ATO, Income Tax Return - deductions expenses and offsets, fy2018-19"
PIT_ITR,Income Tax Return,madip-ge-020139d-ato-atoitrincloss1718-fy2017-18,"MADIP GE, 020139d, ATO, Income Tax Return - income and loss, fy2017-18"
PIT_ITR,Income Tax Return,madip-ge-020139d-ato-atoitrincloss1819-fy2018-19,"MADIP GE, 020139d, ATO, Income Tax Return - income and loss, fy2018-19"
PIT_ITR,Income Tax Return,madip-ge-020140d-ato-atoitrwhlddebt1718-fy2017-18,"MADIP GE, 020140d, ATO, Income Tax Return - tax withheld and debts, fy2017-18"
PIT_ITR,Income Tax Return,madip-ge-020140d-ato-atoitrwhlddebt1819-fy2018-19,"MADIP GE, 020140d, ATO, Income Tax Return - tax withheld and debts, fy2018-19"
PIT_ITR,Income Tax Return,madipge-ato-d-context-fy0001,"MADIP GE, d, ATO, Income Tax Return - contextual variables, fy2000-01"
PIT_ITR,Income Tax Return,madipge-ato-d-context-fy0102,"MADIP GE, d, ATO, Income Tax Return - contextual variables, fy2001-02"
PIT_ITR,Income Tax Return,madipge-ato-d-context-fy0203,"MADIP GE, d, ATO, Income Tax Return - contextual variables, fy2002-03"
PIT_ITR,Income Tax Return,madipge-ato-d-context-fy0304,"MADIP GE, d, ATO, Income Tax Return - contextual variables, fy2003-04"
PIT_ITR,Income Tax Return,madipge-ato-d-context-fy0405,"MADIP GE, d, ATO, Income Tax Return - contextual variables, fy2004-05"
PIT_ITR,Income Tax Return,madipge-ato-d-context-fy0506,"MADIP GE, d, ATO, Income Tax Return - contextual variables, fy2005-06"
PIT_ITR,Income Tax Return,madipge-ato-d-context-fy0607,"MADIP GE, 020156d, ATO, Income Tax Return - contextual variables, fy2006-07"
PIT_ITR,Income Tax Return,madipge-ato-d-context-fy0708,"MADIP GE, 020160d, ATO, Income Tax Return - contextual variables, fy2007-08"
PIT_ITR,Income Tax Return,madipge-ato-d-context-fy0809,"MADIP GE, 020164d, ATO, Income Tax Return - contextual variables, fy2008-09"
PIT_ITR,Income Tax Return,madipge-ato-d-context-fy0910,"MADIP GE, 020168d, ATO, Income Tax Return - contextual variables, fy2009-10"
PIT_ITR,Income Tax Return,madipge-ato-d-context-fy1920,"MADIP GE, 020149d, ATO, Income Tax Return - contextual variables, fy2019-20"
PIT_ITR,Income Tax Return,madipge-ato-d-context-fy2021,"MADIP GE, 020149d, ATO, Income Tax Return - contextual variables, fy2020-21"
PIT_ITR,Income Tax Return,madipge-ato-d-context-fy2021-22,"MADIP GE, d, ATO, Income Tax Return - contextual variables, fy2021-22"
PIT_ITR,Income Tax Return,madipge-ato-d-context-fy2223,"MADIP GE, d, ATO, Income Tax Return - contextual variables, fy2022-23"
PIT_ITR,Income Tax Return,madipge-ato-d-context-fy2324,"MADIP GE, d, ATO, Income Tax Return - contextual variables, fy2023-24"
PIT_ITR,Income Tax Return,madipge-ato-d-context-fy9900,"MADIP GE, d, ATO, Income Tax Return - contextual variables, fy1999-00"
PIT_ITR,Income Tax Return,madipge-ato-d-ded-exp-off-fy0001,"MADIP GE, d, ATO, Income Tax Return - deductions expenses and offsets, fy2000-01"
PIT_ITR,Income Tax Return,madipge-ato-d-ded-exp-off-fy0102,"MADIP GE, d, ATO, Income Tax Return - deductions expenses and offsets, fy2001-02"
PIT_ITR,Income Tax Return,madipge-ato-d-ded-exp-off-fy0203,"MADIP GE, d, ATO, Income Tax Return - deductions expenses and offsets, fy2002-03"
PIT_ITR,Income Tax Return,madipge-ato-d-ded-exp-off-fy0304,"MADIP GE, d, ATO, Income Tax Return - deductions expenses and offsets, fy2003-04"
PIT_ITR,Income Tax Return,madipge-ato-d-ded-exp-off-fy0405,"MADIP GE, d, ATO, Income Tax Return - deductions expenses and offsets, fy2004-05"
PIT_ITR,Income Tax Return,madipge-ato-d-ded-exp-off-fy0506,"MADIP GE, d, ATO, Income Tax Return - deductions expenses and offsets, fy2005-06"
PIT_ITR,Income Tax Return,madipge-ato-d-ded-exp-off-fy0607,"MADIP GE, 020157d, ATO, Income Tax Return - deductions expenses and offsets, fy2006-07"
PIT_ITR,Income Tax Return,madipge-ato-d-ded-exp-off-fy0708,"MADIP GE, 020161d, ATO, Income Tax Return - deductions expenses and offsets, fy2007-08"
PIT_ITR,Income Tax Return,madipge-ato-d-ded-exp-off-fy0809,"MADIP GE, 020165d, ATO, Income Tax Return - deductions expenses and offsets, fy2008-09"
PIT_ITR,Income Tax Return,madipge-ato-d-ded-exp-off-fy0910,"MADIP GE, 020169d, ATO, Income Tax Return - deductions expenses and offsets, fy2009-10"
PIT_ITR,Income Tax Return,madipge-ato-d-ded-exp-off-fy1920,"MADIP GE, 020151d, ATO, Income Tax Return - deductions expenses and offsets, fy2019-20"
PIT_ITR,Income Tax Return,madipge-ato-d-ded-exp-off-fy2021,"MADIP GE, 020151d, ATO, Income Tax Return - deductions expenses and offsets, fy2020-21"
PIT_ITR,Income Tax Return,madipge-ato-d-ded-exp-off-fy2021-22,"MADIP GE, d, ATO, Income Tax Return - deductions expenses and offsets, fy2021-22"
PIT_ITR,Income Tax Return,madipge-ato-d-ded-exp-off-fy2223,"MADIP GE, d, ATO, Income Tax Return - deductions expenses and offsets, fy2022-23"
PIT_ITR,Income Tax Return,madipge-ato-d-ded-exp-off-fy2324,"MADIP GE, d, ATO, Income Tax Return - deductions expenses and offsets, fy2023-24"
PIT_ITR,Income Tax Return,madipge-ato-d-ded-exp-off-fy9900,"MADIP GE, d, ATO, Income Tax Return - deductions expenses and offsets, fy1999-00"
PIT_ITR,Income Tax Return,madipge-ato-d-inc-loss-fy0001,"MADIP GE, d, ATO, Income Tax Return - income and loss, fy2000-01"
PIT_ITR,Income Tax Return,madipge-ato-d-inc-loss-fy0102,"MADIP GE, d, ATO, Income Tax Return - income and loss, fy2001-02"
PIT_ITR,Income Tax Return,madipge-ato-d-inc-loss-fy0203,"MADIP GE, d, ATO, Income Tax Return - income and loss, fy2002-03"
PIT_ITR,Income Tax Return,madipge-ato-d-inc-loss-fy0304,"MADIP GE, d, ATO, Income Tax Return - income and loss, fy2003-04"
PIT_ITR,Income Tax Return,madipge-ato-d-inc-loss-fy0405,"MADIP GE, d, ATO, Income Tax Return - income and loss, fy2004-05"
PIT_ITR,Income Tax Return,madipge-ato-d-inc-loss-fy0506,"MADIP GE, d, ATO, Income Tax Return - income and loss, fy2005-06"
PIT_ITR,Income Tax Return,madipge-ato-d-inc-loss-fy0607,"MADIP GE, 020158d, ATO, Income Tax Return - income and loss, fy2006-07"
PIT_ITR,Income Tax Return,madipge-ato-d-inc-loss-fy0708,"MADIP GE, 020162d, ATO, Income Tax Return - income and loss, fy2007-08"
PIT_ITR,Income Tax Return,madipge-ato-d-inc-loss-fy0809,"MADIP GE, 020166d, ATO, Income Tax Return - income and loss, fy2008-09"
PIT_ITR,Income Tax Return,madipge-ato-d-inc-loss-fy0910,"MADIP GE, 020170d, ATO, Income Tax Return - income and loss, fy2009-10"
PIT_ITR,Income Tax Return,madipge-ato-d-inc-loss-fy1920,"MADIP GE, 020150d, ATO, Income Tax Return - income and loss, fy2019-20"
PIT_ITR,Income Tax Return,madipge-ato-d-inc-loss-fy2021,"MADIP GE, 020150d, ATO, Income Tax Return - income and loss, fy2020-21"
PIT_ITR,Income Tax Return,madipge-ato-d-inc-loss-fy2021-22,"MADIP GE, d, ATO, Income Tax Return - income and loss, fy2021-22"
PIT_ITR,Income Tax Return,madipge-ato-d-inc-loss-fy2223,"MADIP GE, d, ATO, Income Tax Return - income and loss, fy2022-23"
PIT_ITR,Income Tax Return,madipge-ato-d-inc-loss-fy2324,"MADIP GE, d, ATO, Income Tax Return - income and loss, fy2023-24"
PIT_ITR,Income Tax Return,madipge-ato-d-inc-loss-fy9900,"MADIP GE, d, ATO, Income Tax Return - income and loss, fy1999-00"
PIT_ITR,Income Tax Return,madipge-ato-d-wages-salaries-fy1819,"MADIP GE, d, ATO, Income Tax Return - wages and salaries, fy2018-19"
PIT_ITR,Income Tax Return,madipge-ato-d-wages-salaries-fy1920,"MADIP GE, d, ATO, Income Tax Return - wages and salaries, fy2019-20"
PIT_ITR,Income Tax Return,madipge-ato-d-wages-salaries-fy2021,"MADIP GE, d, ATO, Income Tax Return - wages and salaries, fy2020-21"
PIT_ITR,Income Tax Return,madipge-ato-d-whld-debt-fy0001,"MADIP GE, d, ATO, Income Tax Return - tax withheld and debts, fy2000-01"
PIT_ITR,Income Tax Return,madipge-ato-d-whld-debt-fy0102,"MADIP GE, d, ATO, Income Tax Return - tax withheld and debts, fy2001-02"
PIT_ITR,Income Tax Return,madipge-ato-d-whld-debt-fy0203,"MADIP GE, d, ATO, Income Tax Return - tax withheld and debts, fy2002-03"
PIT_ITR,Income Tax Return,madipge-ato-d-whld-debt-fy0304,"MADIP GE, d, ATO, Income Tax Return - tax withheld and debts, fy2003-04"
PIT_ITR,Income Tax Return,madipge-ato-d-whld-debt-fy0405,"MADIP GE, d, ATO, Income Tax Return - tax withheld and debts, fy2004-05"
PIT_ITR,Income Tax Return,madipge-ato-d-whld-debt-fy0506,"MADIP GE, d, ATO, Income Tax Return - tax withheld and debts, fy2005-06"
PIT_ITR,Income Tax Return,madipge-ato-d-whld-debt-fy0607,"MADIP GE, 020159d, ATO, Income Tax Return - tax withheld and debts, fy2006-07"
PIT_ITR,Income Tax Return,madipge-ato-d-whld-debt-fy0708,"MADIP GE, 020163d, ATO, Income Tax Return - tax withheld and debts, fy2007-08"
PIT_ITR,Income Tax Return,madipge-ato-d-whld-debt-fy0809,"MADIP GE, 020167d, ATO, Income Tax Return - tax withheld and debts, fy2008-09"
PIT_ITR,Income Tax Return,madipge-ato-d-whld-debt-fy0910,"MADIP GE, 020171d, ATO, Income Tax Return - tax withheld and debts, fy2009-10"
PIT_ITR,Income Tax Return,madipge-ato-d-whld-debt-fy1920,"MADIP GE, 020152d, ATO, Income Tax Return - tax withheld and debts, fy2019-20"
PIT_ITR,Income Tax Return,madipge-ato-d-whld-debt-fy2021,"MADIP GE, 020152d, ATO, Income Tax Return - tax withheld and debts, fy2020-21"
PIT_ITR,Income Tax Return,madipge-ato-d-whld-debt-fy2021-22,"MADIP GE, d, ATO, Income Tax Return - tax withheld and debts, fy2021-22"
PIT_ITR,Income Tax Return,madipge-ato-d-whld-debt-fy2223,"MADIP GE, d, ATO, Income Tax Return - tax withheld and debts, fy2022-23"
PIT_ITR,Income Tax Return,madipge-ato-d-whld-debt-fy2324,"MADIP GE, d, ATO, Income Tax Return - tax withheld and debts, fy2023-24"
PIT_ITR,Income Tax Return,madipge-ato-d-whld-debt-fy9900,"MADIP GE, d, ATO, Income Tax Return - tax withheld and debts, fy1999-00"
PIT_ITR,Income Tax Return,madipge-ato-d-ws-fy2021-22,"MADIP GE, d, ATO, PIT Wages and salaries, fy2021-22"
PIT_ITR,Income Tax Return,madipge-ato-d-ws-fy2022-23,"MADIP GE, d, ATO, PIT Wages and salaries, fy2022-23"
PIT_ITR,Income Tax Return,madipge-ato-d-ws-fy2324,"MADIP GE, d, ATO, PIT Wages and salaries, fy2023-24"
PIT_ITR,Payment Summaries,madipge-ato-d-pay-sum-fy2324,"MADIP GE, d, ATO, Payment Summaries, fy2023-24"
PIT_PS,Payment Summaries,madip-ge-020101d-ato-atopaysum1011-fy2010-11,"MADIP GE, 020101d, ATO, Payment Summaries, fy2010-11"
PIT_PS,Payment Summaries,madip-ge-020106d-ato-atopaysum1112-fy2011-12,"MADIP GE, 020106d, ATO, Payment Summaries, fy2011-12"
PIT_PS,Payment Summaries,madip-ge-020111d-ato-atopaysum1213-fy2012-13,"MADIP GE, 020111d, ATO, Payment Summaries, fy2012-13"
PIT_PS,Payment Summaries,madip-ge-020116d-ato-atopaysum1314-fy2013-14,"MADIP GE, 020116d, ATO, Payment Summaries, fy2013-14"
PIT_PS,Payment Summaries,madip-ge-020121d-ato-atopaysum1415-fy2014-15,"MADIP GE, 020121d, ATO, Payment Summaries, fy2014-15"
PIT_PS,Payment Summaries,madip-ge-020126d-ato-atopaysum1516-fy2015-16,"MADIP GE, 020126d, ATO, Payment Summaries, fy2015-16"
PIT_PS,Payment Summaries,madip-ge-020131d-ato-atopaysum1617-fy2016-17,"MADIP GE, 020131d, ATO, Payment Summaries, fy2016-17"
PIT_PS,Payment Summaries,madip-ge-020136d-ato-atopaysum1718-fy2017-18,"MADIP GE, 020136d, ATO, Payment Summaries, fy2017-18"
PIT_PS,Payment Summaries,madip-ge-020136d-ato-atopaysum1819-fy2018-19,"MADIP GE, 020136d, ATO, Payment Summaries, fy2018-19"
PIT_PS,Payment Summaries,madipge-ato-d-pay-sum-fy0102,"MADIP GE, 020172d, ATO, Payment Summaries, fy2001-02"
PIT_PS,Payment Summaries,madipge-ato-d-pay-sum-fy0203,"MADIP GE, 020173d, ATO, Payment Summaries, fy2002-03"
PIT_PS,Payment Summaries,madipge-ato-d-pay-sum-fy0304,"MADIP GE, 020174d, ATO, Payment Summaries, fy2003-04"
PIT_PS,Payment Summaries,madipge-ato-d-pay-sum-fy0405,"MADIP GE, 020175d, ATO, Payment Summaries, fy2004-05"
PIT_PS,Payment Summaries,madipge-ato-d-pay-sum-fy0506,"MADIP GE, 020176d, ATO, Payment Summaries, fy2005-06"
PIT_PS,Payment Summaries,madipge-ato-d-pay-sum-fy0607,"MADIP GE, 020177d, ATO, Payment Summaries, fy2006-07"
PIT_PS,Payment Summaries,madipge-ato-d-pay-sum-fy0708,"MADIP GE, 020178d, ATO, Payment Summaries, fy2007-08"
PIT_PS,Payment Summaries,madipge-ato-d-pay-sum-fy0809,"MADIP GE, 020179d, ATO, Payment Summaries, fy2008-09"
PIT_PS,Payment Summaries,madipge-ato-d-pay-sum-fy0910,"MADIP GE, 020180d, ATO, Payment Summaries, fy2009-10"
PIT_PS,Payment Summaries,madipge-ato-d-pay-sum-fy1920,"MADIP GE, 020146d, ATO, Payment Summaries, fy2019-20"
PIT_PS,Payment Summaries,madipge-ato-d-pay-sum-fy2021,"MADIP GE, 020155d, ATO, Payment Summaries, fy2020-21"
PIT_PS,Payment Summaries,madipge-ato-d-pay-sum-fy2122,"MADIP GE, d, ATO, Payment Summaries, fy2021-22"
PIT_PS,Payment Summaries,madipge-ato-d-pay-sum-fy2223,"MADIP GE, d, ATO, Payment Summaries, fy2022-23"
RPS,Rental Property Schedule,madipge-ato-d-rps-fy0001,"MADIP GE, d, ATO, Rental Property Schedule, fy0001"
RPS,Rental Property Schedule,madipge-ato-d-rps-fy0102,"MADIP GE, d, ATO, Rental Property Schedule, fy0102"
RPS,Rental Property Schedule,madipge-ato-d-rps-fy0203,"MADIP GE, d, ATO, Rental Property Schedule, fy0203"
RPS,Rental Property Schedule,madipge-ato-d-rps-fy0304,"MADIP GE, d, ATO, Rental Property Schedule, fy0304"
RPS,Rental Property Schedule,madipge-ato-d-rps-fy0405,"MADIP GE, d, ATO, Rental Property Schedule, fy0405"
RPS,Rental Property Schedule,madipge-ato-d-rps-fy0506,"MADIP GE, d, ATO, Rental Property Schedule, fy0506"
RPS,Rental Property Schedule,madipge-ato-d-rps-fy0607,"MADIP GE, d, ATO, Rental Property Schedule, fy0607"
RPS,Rental Property Schedule,madipge-ato-d-rps-fy0708,"MADIP GE, d, ATO, Rental Property Schedule, fy0708"
RPS,Rental Property Schedule,madipge-ato-d-rps-fy0809,"MADIP GE, d, ATO, Rental Property Schedule, fy0809"
RPS,Rental Property Schedule,madipge-ato-d-rps-fy0910,"MADIP GE, d, ATO, Rental Property Schedule, fy0910"
RPS,Rental Property Schedule,madipge-ato-d-rps-fy1011,"MADIP GE, d, ATO, Rental Property Schedule, fy1011"
RPS,Rental Property Schedule,madipge-ato-d-rps-fy1112,"MADIP GE, d, ATO, Rental Property Schedule, fy1112"
RPS,Rental Property Schedule,madipge-ato-d-rps-fy1213,"MADIP GE, d, ATO, Rental Property Schedule, fy1213"
RPS,Rental Property Schedule,madipge-ato-d-rps-fy1314,"MADIP GE, d, ATO, Rental Property Schedule, fy1314"
RPS,Rental Property Schedule,madipge-ato-d-rps-fy1415,"MADIP GE, d, ATO, Rental Property Schedule, fy1415"
RPS,Rental Property Schedule,madipge-ato-d-rps-fy1516,"MADIP GE, d, ATO, Rental Property Schedule, fy1516"
RPS,Rental Property Schedule,madipge-ato-d-rps-fy1617,"MADIP GE, d, ATO, Rental Property Schedule, fy1617"
RPS,Rental Property Schedule,madipge-ato-d-rps-fy1718,"MADIP GE, d, ATO, Rental Property Schedule, fy1718"
RPS,Rental Property Schedule,madipge-ato-d-rps-fy1819,"MADIP GE, d, ATO, Rental Property Schedule, fy1819"
RPS,Rental Property Schedule,madipge-ato-d-rps-fy1920,"MADIP GE, d, ATO, Rental Property Schedule, fy1920"
RPS,Rental Property Schedule,madipge-ato-d-rps-fy2021,"MADIP GE, d, ATO, Rental Property Schedule, fy2021"
RPS,Rental Property Schedule,madipge-ato-d-rps-fy2122,"MADIP GE, d, ATO, Rental Property Schedule, fy2122"
RPS,Rental Property Schedule,madipge-ato-d-rps-fy2223,"MADIP GE, d, ATO, Rental Property Schedule, fy2223"
RPS,Rental Property Schedule,madipge-ato-d-rps-fy9900,"MADIP GE, d, ATO, Rental Property Schedule, fy9900"
SAE,Superannuation Accounts Extract,madipmp-ato-maasmats-2018-19,"MADIP GE, d, ATO, MAAS MATS, 2018-19"
SAE,Superannuation Accounts Extract,madipmp-ato-maasmats-2019-20,"MADIP GE, d, ATO, MAAS MATS, 2019-20"
SAE,Superannuation Accounts Extract,madipmp-ato-maasmats-2020-21,"MADIP GE, d, ATO, MAAS MATS, 2020-21"
SAE,Superannuation Accounts Extract,madipmp-ato-maasmats-2021-22,"MADIP GE, d, ATO, MAAS MATS, 2021-22"
SAE,Superannuation Accounts Extract,madipmp-ato-maasmats-2022-23,"MADIP GE, d, ATO, MAAS MATS, 2022-23"
SAE,Superannuation Accounts Extract,madipmp-ato-maasmats-2023-24,"MADIP GE, d, ATO, MAAS MATS, 2023-24"
SDAC,"Survey of Disability, Ageing and Carers 2018",madip-ge-080101d-sdac2018-sdac18outass-2018,"MADIP GE, 080101d, SDAC2018, Assistance providers, 2018"
SDAC,"Survey of Disability, Ageing and Carers 2018",madip-ge-080102d-sdac2018-sdac18outbac-2018,"MADIP GE, 080102d, SDAC2018, Broad activities, 2018"
SDAC,"Survey of Disability, Ageing and Carers 2018",madip-ge-080103d-sdac2018-sdac18outcon-2018,"MADIP GE, 080103d, SDAC2018, Conditions, 2018"
SDAC,"Survey of Disability, Ageing and Carers 2018",madip-ge-080104d-sdac2018-sdac18outfam-2018,"MADIP GE, 080104d, SDAC2018, Family, 2018"
SDAC,"Survey of Disability, Ageing and Carers 2018",madip-ge-080105d-sdac2018-sdac18outhou-2018,"MADIP GE, 080105d, SDAC2018, Household, 2018"
SDAC,"Survey of Disability, Ageing and Carers 2018",madip-ge-080106d-sdac2018-sdac18outinc-2018,"MADIP GE, 080106d, SDAC2018, Income unit, 2018"
SDAC,"Survey of Disability, Ageing and Carers 2018",madip-ge-080107d-sdac2018-sdac18outper-2018,"MADIP GE, 080107d, SDAC2018, Person, 2018"
SDAC,"Survey of Disability, Ageing and Carers 2018",madip-ge-080108d-sdac2018-sdac18outrec-2018,"MADIP GE, 080108d, SDAC2018, Recipient, 2018"
SDAC,"Survey of Disability, Ageing and Carers 2018",madip-ge-080109d-sdac2018-sdac18outres-2018,"MADIP GE, 080109d, SDAC2018, Restrictions, 2018"
SDAC,"Survey of Disability, Ageing and Carers 2018",madip-ge-080110d-sdac2018-sdac18outsac-2018,"MADIP GE, 080110d, SDAC2018, Specific activities, 2018"
SDAC,"Survey of Disability, Ageing and Carers 2022",madipge-sdac-d-survey-2022,"MADIP GE, d, SDAC2022, Survey data, 2022"
SDB,Settlements Database (Permanent Migrants) 2000 - latest,madipge-mig-d-permanent-migrants-2000-current,"MADIP GE, d, MIGRATION, Permanent Migrants, 2000-current"
SMSF,Self-Managed Superannuation Funds,pmp-smsf-2007-08,"MADIP GE, d, ATO, Self Managed Super Fund, fy0708"
SMSF,Self-Managed Superannuation Funds,pmp-smsf-2008-09,"MADIP GE, d, ATO, Self Managed Super Fund, fy0809"
SMSF,Self-Managed Superannuation Funds,pmp-smsf-2009-10,"MADIP GE, d, ATO, Self Managed Super Fund, fy0910"
SMSF,Self-Managed Superannuation Funds,pmp-smsf-2010-11,"MADIP GE, d, ATO, Self Managed Super Fund, fy1011"
SMSF,Self-Managed Superannuation Funds,pmp-smsf-2011-12,"MADIP GE, d, ATO, Self Managed Super Fund, fy1112"
SMSF,Self-Managed Superannuation Funds,pmp-smsf-2012-13,"MADIP GE, d, ATO, Self Managed Super Fund, fy1213"
SMSF,Self-Managed Superannuation Funds,pmp-smsf-2013-14,"MADIP GE, d, ATO, Self Managed Super Fund, fy1314"
SMSF,Self-Managed Superannuation Funds,pmp-smsf-2014-15,"MADIP GE, d, ATO, Self Managed Super Fund, fy1415"
SMSF,Self-Managed Superannuation Funds,pmp-smsf-2015-16,"MADIP GE, d, ATO, Self Managed Super Fund, fy1516"
SMSF,Self-Managed Superannuation Funds,pmp-smsf-2016-17,"MADIP GE, d, ATO, Self Managed Super Fund, fy1617"
SMSF,Self-Managed Superannuation Funds,pmp-smsf-2017-18,"MADIP GE, d, ATO, Self Managed Super Fund, fy1718"
SMSF,Self-Managed Superannuation Funds,pmp-smsf-2018-19,"MADIP GE, d, ATO, Self Managed Super Fund, fy1819"
SMSF,Self-Managed Superannuation Funds,pmp-smsf-2019-20,"MADIP GE, d, ATO, Self Managed Super Fund, fy1920"
SMSF,Self-Managed Superannuation Funds,pmp-smsf-2020-21,"MADIP GE, d, ATO, Self Managed Super Fund, fy2021"
SMSF,Self-Managed Superannuation Funds,pmp-smsf-2021-22,"MADIP GE, d, ATO, Self Managed Super Fund, fy2122"
SMSF,Self-Managed Superannuation Funds,pmp-smsf-2022-23,"MADIP GE, d, ATO, Self Managed Super Fund, fy2223"
STP,Single Touch Payroll Extended,pmp-stp-extended,"MADIP GE, d, ATO, STP Extended, 2020-current"
STP,Single Touch Payroll Standard,pmp-stp-standard,"MADIP GE, d, ATO, STP Standard, 2020-current"
TRAVELLERS,Travellers 2006 - latest,madipge-mig-d-erp-2006-current,"MADIP GE, d, MIGRATION, Estimated resident population, 2006-curent"
TRAVELLERS,Travellers 2006 - latest,madipge-mig-d-pp-2006-current,"MADIP GE, d, MIGRATION, Physically present, 2006-current"
TRAVELLERS,Travellers 2006 - latest,madipge-mig-d-travellers-2006-current,"MADIP GE, d, MIGRATION, Travel movements, 2006-current"
TVA,Total VET Activity Core variables 2015 to latest,madipge-tva-d-prog-comp-core-2015,"MADIP GE, d, TVA, Completions - Core variables, 2015"
TVA,Total VET Activity Core variables 2015 to latest,madipge-tva-d-prog-comp-core-2016,"MADIP GE, d, TVA, Completions - Core variables, 2016"
TVA,Total VET Activity Core variables 2015 to latest,madipge-tva-d-prog-comp-core-2017,"MADIP GE, d, TVA, Completions - Core variables, 2017"
TVA,Total VET Activity Core variables 2015 to latest,madipge-tva-d-prog-comp-core-2018,"MADIP GE, d, TVA, Completions - Core variables, 2018"
TVA,Total VET Activity Core variables 2015 to latest,madipge-tva-d-prog-comp-core-2019,"MADIP GE, d, TVA, Completions - Core variables, 2019"
TVA,Total VET Activity Core variables 2015 to latest,madipge-tva-d-prog-comp-core-2020,"MADIP GE, d, TVA, Completions - Core variables, 2020"
TVA,Total VET Activity Core variables 2015 to latest,madipge-tva-d-prog-comp-core-2021,"MADIP GE, d, TVA, Completions - Core variables, 2021"
TVA,Total VET Activity Core variables 2015 to latest,madipge-tva-d-prog-comp-core-2022,"MADIP GE, d, TVA, Completions - Core variables, 2022"
TVA,Total VET Activity Core variables 2015 to latest,madipge-tva-d-prog-comp-core-2023,"MADIP GE, d, TVA, Completions - Core variables, 2023"
TVA,Total VET Activity Core variables 2015 to latest,madipge-tva-d-trn-actvty-core-2015,"MADIP GE, d, TVA, Training activity - Core variables, 2015"
TVA,Total VET Activity Core variables 2015 to latest,madipge-tva-d-trn-actvty-core-2016,"MADIP GE, d, TVA, Training activity - Core variables, 2016"
TVA,Total VET Activity Core variables 2015 to latest,madipge-tva-d-trn-actvty-core-2017,"MADIP GE, d, TVA, Training activity - Core variables, 2017"
TVA,Total VET Activity Core variables 2015 to latest,madipge-tva-d-trn-actvty-core-2018,"MADIP GE, 130138d, TVA, Completions - Language spoken, 2018"
TVA,Total VET Activity Core variables 2015 to latest,madipge-tva-d-trn-actvty-core-2019,"MADIP GE, d, TVA, Training activity - Core variables, 2019"
TVA,Total VET Activity Core variables 2015 to latest,madipge-tva-d-trn-actvty-core-2020,"MADIP GE, d, TVA, Training activity - Core variables, 2020"
TVA,Total VET Activity Core variables 2015 to latest,madipge-tva-d-trn-actvty-core-2021,"MADIP GE, d, TVA, Training activity - Core variables, 2021"
TVA,Total VET Activity Core variables 2015 to latest,madipge-tva-d-trn-actvty-core-2022,"MADIP GE, d, TVA, Training activity - Core variables, 2022"
TVA,Total VET Activity Core variables 2015 to latest,madipge-tva-d-trn-actvty-core-2023,"MADIP GE, d, TVA, Training activity - Core variables, 2023"
TVA,Total VET Activity Country of Birth 2015 to latest,madipge-tva-d-prog-comp-cob-2015,"MADIP GE, d, TVA, Completions - Country of birth, 2015"
TVA,Total VET Activity Country of Birth 2015 to latest,madipge-tva-d-prog-comp-cob-2016,"MADIP GE, d, TVA, Completions - Country of birth, 2016"
TVA,Total VET Activity Country of Birth 2015 to latest,madipge-tva-d-prog-comp-cob-2017,"MADIP GE, d, TVA, Completions - Country of birth, 2017"
TVA,Total VET Activity Country of Birth 2015 to latest,madipge-tva-d-prog-comp-cob-2018,"MADIP GE, d, TVA, Completions - Country of birth, 2018"
TVA,Total VET Activity Country of Birth 2015 to latest,madipge-tva-d-prog-comp-cob-2019,"MADIP GE, d, TVA, Completions - Country of birth, 2019"
TVA,Total VET Activity Country of Birth 2015 to latest,madipge-tva-d-prog-comp-cob-2020,"MADIP GE, d, TVA, Completions - Country of birth, 2020"
TVA,Total VET Activity Country of Birth 2015 to latest,madipge-tva-d-prog-comp-cob-2021,"MADIP GE, d, TVA, Completions - Country of birth, 2021"
TVA,Total VET Activity Country of Birth 2015 to latest,madipge-tva-d-prog-comp-cob-2022,"MADIP GE, d, TVA, Completions - Country of birth, 2022"
TVA,Total VET Activity Country of Birth 2015 to latest,madipge-tva-d-prog-comp-cob-2023,"MADIP GE, d, TVA, Completions - Country of birth, 2023"
TVA,Total VET Activity Country of Birth 2015 to latest,madipge-tva-d-trn-actvty-cob-2015,"MADIP GE, d, TVA, Training activity - Country of birth, 2015"
TVA,Total VET Activity Country of Birth 2015 to latest,madipge-tva-d-trn-actvty-cob-2016,"MADIP GE, d, TVA, Training activity - Country of birth, 2016"
TVA,Total VET Activity Country of Birth 2015 to latest,madipge-tva-d-trn-actvty-cob-2017,"MADIP GE, d, TVA, Training activity - Country of birth, 2017"
TVA,Total VET Activity Country of Birth 2015 to latest,madipge-tva-d-trn-actvty-cob-2018,"MADIP GE, 130139d, TVA, Completions - Indigenous status, 2018"
TVA,Total VET Activity Country of Birth 2015 to latest,madipge-tva-d-trn-actvty-cob-2019,"MADIP GE, d, TVA, Training activity - Country of birth, 2019"
TVA,Total VET Activity Country of Birth 2015 to latest,madipge-tva-d-trn-actvty-cob-2020,"MADIP GE, d, TVA, Training activity - Country of birth, 2020"
TVA,Total VET Activity Country of Birth 2015 to latest,madipge-tva-d-trn-actvty-cob-2021,"MADIP GE, d, TVA, Training activity - Country of birth, 2021"
TVA,Total VET Activity Country of Birth 2015 to latest,madipge-tva-d-trn-actvty-cob-2022,"MADIP GE, d, TVA, Training activity - Country of birth, 2022"
TVA,Total VET Activity Country of Birth 2015 to latest,madipge-tva-d-trn-actvty-cob-2023,"MADIP GE, d, TVA, Training activity - Country of birth, 2023"
TVA,Total VET Activity Disability Status 2015 to latest,madipge-tva-d-prog-comp-dis-2015,"MADIP GE, d, TVA, Completions - Disability status, 2015"
TVA,Total VET Activity Disability Status 2015 to latest,madipge-tva-d-prog-comp-dis-2016,"MADIP GE, d, TVA, Completions - Disability status, 2016"
TVA,Total VET Activity Disability Status 2015 to latest,madipge-tva-d-prog-comp-dis-2017,"MADIP GE, d, TVA, Completions - Disability status, 2017"
TVA,Total VET Activity Disability Status 2015 to latest,madipge-tva-d-prog-comp-dis-2018,"MADIP GE, d, TVA, Completions - Disability status, 2018"
TVA,Total VET Activity Disability Status 2015 to latest,madipge-tva-d-prog-comp-dis-2019,"MADIP GE, d, TVA, Completions - Disability status, 2019"
TVA,Total VET Activity Disability Status 2015 to latest,madipge-tva-d-prog-comp-dis-2020,"MADIP GE, d, TVA, Completions - Disability status, 2020"
TVA,Total VET Activity Disability Status 2015 to latest,madipge-tva-d-prog-comp-dis-2021,"MADIP GE, d, TVA, Completions - Disability status, 2021"
TVA,Total VET Activity Disability Status 2015 to latest,madipge-tva-d-prog-comp-dis-2022,"MADIP GE, d, TVA, Completions - Disability status, 2022"
TVA,Total VET Activity Disability Status 2015 to latest,madipge-tva-d-prog-comp-dis-2023,"MADIP GE, d, TVA, Completions - Disability status, 2023"
TVA,Total VET Activity Disability Status 2015 to latest,madipge-tva-d-trn-actvty-dis-2015,"MADIP GE, d, TVA, Training activity - Disability status, 2015"
TVA,Total VET Activity Disability Status 2015 to latest,madipge-tva-d-trn-actvty-dis-2016,"MADIP GE, d, TVA, Training activity - Disability status, 2016"
TVA,Total VET Activity Disability Status 2015 to latest,madipge-tva-d-trn-actvty-dis-2017,"MADIP GE, d, TVA, Training activity - Disability status, 2017"
TVA,Total VET Activity Disability Status 2015 to latest,madipge-tva-d-trn-actvty-dis-2018,"MADIP GE, d, TVA, Training activity - Disability status, 2018"
TVA,Total VET Activity Disability Status 2015 to latest,madipge-tva-d-trn-actvty-dis-2019,"MADIP GE, d, TVA, Training activity - Disability status, 2019"
TVA,Total VET Activity Disability Status 2015 to latest,madipge-tva-d-trn-actvty-dis-2020,"MADIP GE, d, TVA, Training activity - Disability status, 2020"
TVA,Total VET Activity Disability Status 2015 to latest,madipge-tva-d-trn-actvty-dis-2021,"MADIP GE, d, TVA, Training activity - Disability status, 2021"
TVA,Total VET Activity Disability Status 2015 to latest,madipge-tva-d-trn-actvty-dis-2022,"MADIP GE, d, TVA, Training activity - Disability status, 2022"
TVA,Total VET Activity Disability Status 2015 to latest,madipge-tva-d-trn-actvty-dis-2023,"MADIP GE, d, TVA, Training activity - Disability status, 2023"
TVA,Total VET Activity Indigenous Status 2015 to latest,madipge-tva-d-prog-comp-ind-2015,"MADIP GE, d, TVA, Completions - Indigenous status, 2015"
TVA,Total VET Activity Indigenous Status 2015 to latest,madipge-tva-d-prog-comp-ind-2016,"MADIP GE, d, TVA, Completions - Indigenous status, 2016"
TVA,Total VET Activity Indigenous Status 2015 to latest,madipge-tva-d-prog-comp-ind-2017,"MADIP GE, d, TVA, Completions - Indigenous status, 2017"
TVA,Total VET Activity Indigenous Status 2015 to latest,madipge-tva-d-prog-comp-ind-2018,"MADIP GE, d, TVA, Completions - Indigenous status, 2018"
TVA,Total VET Activity Indigenous Status 2015 to latest,madipge-tva-d-prog-comp-ind-2019,"MADIP GE, d, TVA, Completions - Indigenous status, 2019"
TVA,Total VET Activity Indigenous Status 2015 to latest,madipge-tva-d-prog-comp-ind-2020,"MADIP GE, d, TVA, Completions - Indigenous status, 2020"
TVA,Total VET Activity Indigenous Status 2015 to latest,madipge-tva-d-prog-comp-ind-2021,"MADIP GE, d, TVA, Completions - Indigenous status, 2021"
TVA,Total VET Activity Indigenous Status 2015 to latest,madipge-tva-d-prog-comp-ind-2022,"MADIP GE, d, TVA, Completions - Indigenous status, 2022"
TVA,Total VET Activity Indigenous Status 2015 to latest,madipge-tva-d-prog-comp-ind-2023,"MADIP GE, d, TVA, Completions - Indigenous status, 2023"
TVA,Total VET Activity Indigenous Status 2015 to latest,madipge-tva-d-trn-actvty-ind-2015,"MADIP GE, d, TVA, Training activity - Indigenous status, 2015"
TVA,Total VET Activity Indigenous Status 2015 to latest,madipge-tva-d-trn-actvty-ind-2016,"MADIP GE, d, TVA, Training activity - Indigenous status, 2016"
TVA,Total VET Activity Indigenous Status 2015 to latest,madipge-tva-d-trn-actvty-ind-2017,"MADIP GE, d, TVA, Training activity - Indigenous status, 2017"
TVA,Total VET Activity Indigenous Status 2015 to latest,madipge-tva-d-trn-actvty-ind-2018,"MADIP GE, 130137d, TVA, Completions - Country of birth, 2018"
TVA,Total VET Activity Indigenous Status 2015 to latest,madipge-tva-d-trn-actvty-ind-2019,"MADIP GE, d, TVA, Training activity - Indigenous status, 2019"
TVA,Total VET Activity Indigenous Status 2015 to latest,madipge-tva-d-trn-actvty-ind-2020,"MADIP GE, d, TVA, Training activity - Indigenous status, 2020"
TVA,Total VET Activity Indigenous Status 2015 to latest,madipge-tva-d-trn-actvty-ind-2021,"MADIP GE, d, TVA, Training activity - Indigenous status, 2021"
TVA,Total VET Activity Indigenous Status 2015 to latest,madipge-tva-d-trn-actvty-ind-2022,"MADIP GE, d, TVA, Training activity - Indigenous status, 2022"
TVA,Total VET Activity Indigenous Status 2015 to latest,madipge-tva-d-trn-actvty-ind-2023,"MADIP GE, d, TVA, Training activity - Indigenous status, 2023"
TVA,Total VET Activity Language Spoken 2015 to latest,madipge-tva-d-prog-comp-lan-2015,"MADIP GE, d, TVA, Completions - Language spoken, 2015"
TVA,Total VET Activity Language Spoken 2015 to latest,madipge-tva-d-prog-comp-lan-2016,"MADIP GE, d, TVA, Completions - Language spoken, 2016"
TVA,Total VET Activity Language Spoken 2015 to latest,madipge-tva-d-prog-comp-lan-2017,"MADIP GE, d, TVA, Completions - Language spoken, 2017"
TVA,Total VET Activity Language Spoken 2015 to latest,madipge-tva-d-prog-comp-lan-2018,"MADIP GE, d, TVA, Completions - Language spoken, 2018"
TVA,Total VET Activity Language Spoken 2015 to latest,madipge-tva-d-prog-comp-lan-2019,"MADIP GE, d, TVA, Completions - Language spoken, 2019"
TVA,Total VET Activity Language Spoken 2015 to latest,madipge-tva-d-prog-comp-lan-2020,"MADIP GE, d, TVA, Completions - Language spoken, 2020"
TVA,Total VET Activity Language Spoken 2015 to latest,madipge-tva-d-prog-comp-lan-2021,"MADIP GE, d, TVA, Completions - Language spoken, 2021"
TVA,Total VET Activity Language Spoken 2015 to latest,madipge-tva-d-prog-comp-lan-2022,"MADIP GE, d, TVA, Completions - Language spoken, 2022"
TVA,Total VET Activity Language Spoken 2015 to latest,madipge-tva-d-prog-comp-lan-2023,"MADIP GE, d, TVA, Completions - Language spoken, 2023"
TVA,Total VET Activity Language Spoken 2015 to latest,madipge-tva-d-trn-actvty-lan-2015,"MADIP GE, d, TVA, Training activity - Language spoken, 2015"
TVA,Total VET Activity Language Spoken 2015 to latest,madipge-tva-d-trn-actvty-lan-2016,"MADIP GE, d, TVA, Training activity - Language spoken, 2016"
TVA,Total VET Activity Language Spoken 2015 to latest,madipge-tva-d-trn-actvty-lan-2017,"MADIP GE, d, TVA, Training activity - Language spoken, 2017"
TVA,Total VET Activity Language Spoken 2015 to latest,madipge-tva-d-trn-actvty-lan-2018,"MADIP GE, 130136d, TVA, Completions - Core variables, 2018"
TVA,Total VET Activity Language Spoken 2015 to latest,madipge-tva-d-trn-actvty-lan-2019,"MADIP GE, 130146d, TVA, Completions - Core variables, 2019"
TVA,Total VET Activity Language Spoken 2015 to latest,madipge-tva-d-trn-actvty-lan-2020,"MADIP GE, d, TVA, Training activity - Language spoken, 2020"
TVA,Total VET Activity Language Spoken 2015 to latest,madipge-tva-d-trn-actvty-lan-2021,"MADIP GE, d, TVA, Training activity - Language spoken, 2021"
TVA,Total VET Activity Language Spoken 2015 to latest,madipge-tva-d-trn-actvty-lan-2022,"MADIP GE, d, TVA, Training activity - Language spoken, 2022"
TVA,Total VET Activity Language Spoken 2015 to latest,madipge-tva-d-trn-actvty-lan-2023,"MADIP GE, d, TVA, Training activity - Language spoken, 2023"
VISA,Visa Applications (2000 to latest) and Visa Grants (1990 to latest),madipge-mig-d-visa-2000-current,"MADIP GE, d, MIGRATION, Visa, 2000-current"
