"source_file","logical_output","dataset","variable","finding_type","severity","matched_values","example","detail"
"abs-blade/blade-table-31-intellectual-property-refreshed-automated-product-for-information-ipra.parquet","blade-table-31-intellectual-property-refreshed-automated-product-for-information-ipra","BLADE","classification_date","generic_2024_date_range","warning",86,"2024-09-06","All parseable dates fall in 2024; verify the source reference period."
"abs-blade/blade-table-31-intellectual-property-refreshed-automated-product-for-information-ipra.parquet","blade-table-31-intellectual-property-refreshed-automated-product-for-information-ipra","BLADE","classification_removal_date","generic_2024_date_range","warning",86,"2024-09-06","All parseable dates fall in 2024; verify the source reference period."
"abs-blade/blade-table-34-intellectual-property-refreshed-automated-product-for-information-ipra.parquet","blade-table-34-intellectual-property-refreshed-automated-product-for-information-ipra","BLADE","effective_from_date","generic_2024_date_range","warning",86,"2024-07-17","All parseable dates fall in 2024; verify the source reference period."
"abs-core/plidage-core-income-cb-annual--core_employment_annual_2324_v8.parquet","plidage-core-income-cb-annual--core_employment_annual_2324_v8","CORE","FIN_YEAR_ENDING","generic_2024_date_range","warning",100,"2024-06-30","All parseable dates fall in 2024; verify the source reference period."
"abs-core/plidage-core-income-cb-annual--core_income_annual_2324_v8.parquet","plidage-core-income-cb-annual--core_income_annual_2324_v8","CORE","FIN_YEAR_ENDING","generic_2024_date_range","warning",100,"2024-06-30","All parseable dates fall in 2024; verify the source reference period."
"abs-core/plidage-core-income-cb-weekly--core_employment_weekly_2324_v8.parquet","plidage-core-income-cb-weekly--core_employment_weekly_2324_v8","CORE","FIN_YEAR_ENDING","generic_2024_date_range","warning",100,"2024-06-30","All parseable dates fall in 2024; verify the source reference period."
"abs-core/plidage-core-income-cb-weekly--core_employment_weekly_2324_v8.parquet","plidage-core-income-cb-weekly--core_employment_weekly_2324_v8","CORE","WEEK_ENDING","generic_2024_date_range","warning",100,"2024-01-18","All parseable dates fall in 2024; verify the source reference period."
"abs-core/plidage-core-income-cb-weekly--core_income_weekly_2324_v8.parquet","plidage-core-income-cb-weekly--core_income_weekly_2324_v8","CORE","FIN_YEAR_ENDING","generic_2024_date_range","warning",100,"2024-06-30","All parseable dates fall in 2024; verify the source reference period."
"abs-core/plidage-core-income-cb-weekly--core_income_weekly_2324_v8.parquet","plidage-core-income-cb-weekly--core_income_weekly_2324_v8","CORE","WEEK_ENDING","generic_2024_date_range","warning",100,"2024-01-18","All parseable dates fall in 2024; verify the source reference period."
"abs-core/plidage-core-income-ss-annual--dom_income_annual_2324_v8.parquet","plidage-core-income-ss-annual--dom_income_annual_2324_v8","CORE","FIN_YEAR_ENDING","generic_2024_date_range","warning",100,"2024-06-30","All parseable dates fall in 2024; verify the source reference period."
"abs-core/plidage-core-income-ss-annual--sae_income_annual_2324_v8.parquet","plidage-core-income-ss-annual--sae_income_annual_2324_v8","CORE","FIN_YEAR_ENDING","generic_2024_date_range","warning",100,"2024-06-30","All parseable dates fall in 2024; verify the source reference period."
"abs-core/plidage-core-income-ss-annual--stp_income_annual_2324_v8.parquet","plidage-core-income-ss-annual--stp_income_annual_2324_v8","CORE","FIN_YEAR_ENDING","generic_2024_date_range","warning",100,"2024-06-30","All parseable dates fall in 2024; verify the source reference period."
"abs-core/plidage-core-income-ss-weekly--dom_income_weekly_2324_v8.parquet","plidage-core-income-ss-weekly--dom_income_weekly_2324_v8","CORE","FIN_YEAR_ENDING","generic_2024_date_range","warning",100,"2024-06-30","All parseable dates fall in 2024; verify the source reference period."
"abs-core/plidage-core-income-ss-weekly--dom_income_weekly_2324_v8.parquet","plidage-core-income-ss-weekly--dom_income_weekly_2324_v8","CORE","WEEK_ENDING","generic_2024_date_range","warning",100,"2024-01-18","All parseable dates fall in 2024; verify the source reference period."
"abs-core/plidage-core-income-ss-weekly--stp_income_weekly_2324_v8.parquet","plidage-core-income-ss-weekly--stp_income_weekly_2324_v8","CORE","FIN_YEAR_ENDING","generic_2024_date_range","warning",100,"2024-06-30","All parseable dates fall in 2024; verify the source reference period."
"abs-core/plidage-core-income-ss-weekly--stp_income_weekly_2324_v8.parquet","plidage-core-income-ss-weekly--stp_income_weekly_2324_v8","CORE","WEEK_ENDING","generic_2024_date_range","warning",100,"2024-01-17","All parseable dates fall in 2024; verify the source reference period."
"aihw-nacdc/madipge-aged-care-d-agedrecipient-15-current--aged_recipient_jun2024.parquet","madipge-aged-care-d-agedrecipient-15-current--aged_recipient_jun2024","NACDC","REFERENCE_DATE","generic_2024_date_range","warning",100,"2024-06-30","All parseable dates fall in 2024; verify the source reference period."
"aihw-nacdc/madipge-aged-care-d-agedrecipient-15-current--aged_recipient_oct2024.parquet","madipge-aged-care-d-agedrecipient-15-current--aged_recipient_oct2024","NACDC","REFERENCE_DATE","generic_2024_date_range","warning",100,"2024-10-31","All parseable dates fall in 2024; verify the source reference period."
"aihw-nacdc/madipge-aged-care-d-agedservice-15-current--aged_service_jun2024.parquet","madipge-aged-care-d-agedservice-15-current--aged_service_jun2024","NACDC","REFERENCE_DATE","generic_2024_date_range","warning",100,"2024-06-30","All parseable dates fall in 2024; verify the source reference period."
"aihw-nacdc/madipge-aged-care-d-agedservice-15-current--aged_service_oct2024.parquet","madipge-aged-care-d-agedservice-15-current--aged_service_oct2024","NACDC","REFERENCE_DATE","generic_2024_date_range","warning",100,"2024-10-31","All parseable dates fall in 2024; verify the source reference period."
"aihw-nacdc/madipge-aged-care-d-chsp-16-current--chsp_episode_2024.parquet","madipge-aged-care-d-chsp-16-current--chsp_episode_2024","NACDC","REFERENCE_DATE","generic_2024_date_range","warning",100,"2024-12-31","All parseable dates fall in 2024; verify the source reference period."
"aihw-nacdc/madipge-aged-care-d-hcp-15-current--hcp_assessment_jun2024.parquet","madipge-aged-care-d-hcp-15-current--hcp_assessment_jun2024","NACDC","REFERENCE_DATE","generic_2024_date_range","warning",100,"2024-06-30","All parseable dates fall in 2024; verify the source reference period."
"aihw-nacdc/madipge-aged-care-d-hcp-15-current--hcp_assessment_oct2024.parquet","madipge-aged-care-d-hcp-15-current--hcp_assessment_oct2024","NACDC","REFERENCE_DATE","generic_2024_date_range","warning",100,"2024-10-31","All parseable dates fall in 2024; verify the source reference period."
"aihw-nacdc/madipge-aged-care-d-hcp-15-current--hcp_episode_jun2024.parquet","madipge-aged-care-d-hcp-15-current--hcp_episode_jun2024","NACDC","REFERENCE_DATE","generic_2024_date_range","warning",100,"2024-06-30","All parseable dates fall in 2024; verify the source reference period."
"aihw-nacdc/madipge-aged-care-d-hcp-15-current--hcp_episode_oct2024.parquet","madipge-aged-care-d-hcp-15-current--hcp_episode_oct2024","NACDC","REFERENCE_DATE","generic_2024_date_range","warning",100,"2024-10-31","All parseable dates fall in 2024; verify the source reference period."
"aihw-nacdc/madipge-aged-care-d-hcp-15-current--hcp_leave_jun2024.parquet","madipge-aged-care-d-hcp-15-current--hcp_leave_jun2024","NACDC","REFERENCE_DATE","generic_2024_date_range","warning",100,"2024-06-30","All parseable dates fall in 2024; verify the source reference period."
"aihw-nacdc/madipge-aged-care-d-hcp-15-current--hcp_leave_oct2024.parquet","madipge-aged-care-d-hcp-15-current--hcp_leave_oct2024","NACDC","REFERENCE_DATE","generic_2024_date_range","warning",100,"2024-10-31","All parseable dates fall in 2024; verify the source reference period."
"aihw-nacdc/madipge-aged-care-d-rac-15-current--rac_episode_jun2024.parquet","madipge-aged-care-d-rac-15-current--rac_episode_jun2024","NACDC","REFERENCE_DATE","generic_2024_date_range","warning",100,"2024-06-30","All parseable dates fall in 2024; verify the source reference period."
"aihw-nacdc/madipge-aged-care-d-rac-15-current--rac_episode_oct2024.parquet","madipge-aged-care-d-rac-15-current--rac_episode_oct2024","NACDC","REFERENCE_DATE","generic_2024_date_range","warning",100,"2024-10-31","All parseable dates fall in 2024; verify the source reference period."
"aihw-nacdc/madipge-aged-care-d-rac-15-current--rac_leave_jun2024.parquet","madipge-aged-care-d-rac-15-current--rac_leave_jun2024","NACDC","REFERENCE_DATE","generic_2024_date_range","warning",100,"2024-06-30","All parseable dates fall in 2024; verify the source reference period."
"aihw-nacdc/madipge-aged-care-d-rac-15-current--rac_leave_oct2024.parquet","madipge-aged-care-d-rac-15-current--rac_leave_oct2024","NACDC","REFERENCE_DATE","generic_2024_date_range","warning",100,"2024-10-31","All parseable dates fall in 2024; verify the source reference period."
"aihw-nacdc/madipge-aged-care-d-tcp-15-current--tcp_episode_jun2024.parquet","madipge-aged-care-d-tcp-15-current--tcp_episode_jun2024","NACDC","REFERENCE_DATE","generic_2024_date_range","warning",100,"2024-06-30","All parseable dates fall in 2024; verify the source reference period."
"aihw-nacdc/madipge-aged-care-d-tcp-15-current--tcp_episode_oct2024.parquet","madipge-aged-care-d-tcp-15-current--tcp_episode_oct2024","NACDC","REFERENCE_DATE","generic_2024_date_range","warning",100,"2024-10-31","All parseable dates fall in 2024; verify the source reference period."
"apsc-apsed/pmp-apsed--apsed_acting_classifications.parquet","pmp-apsed--apsed_acting_classifications","APSED","SNAPSHOT_DATE","generic_2024_date_range","warning",100,"2024-01-01","All parseable dates fall in 2024; verify the source reference period."
"apsc-apsed/pmp-apsed--apsed_disability.parquet","pmp-apsed--apsed_disability","APSED","DATECHANGED","generic_2024_date_range","warning",100,"2024-01-03","All parseable dates fall in 2024; verify the source reference period."
"apsc-apsed/pmp-apsed--apsed_highest_education.parquet","pmp-apsed--apsed_highest_education","APSED","HIGHEST_EDUCATION_YEAR_COMPLETED","generic_fixed_year","warning",100,"2024","All non-missing year values use the lightweight fallback year."
"apsc-apsed/pmp-apsed--apsed_jobfamily.parquet","pmp-apsed--apsed_jobfamily","APSED","SNAPSHOT_DATE","generic_2024_date_range","warning",100,"2024-01-01","All parseable dates fall in 2024; verify the source reference period."
"apsc-apsed/pmp-apsed--apsed_leave.parquet","pmp-apsed--apsed_leave","APSED","SNAPSHOT_DATE","generic_2024_date_range","warning",100,"2024-01-01","All parseable dates fall in 2024; verify the source reference period."
"apsc-apsed/pmp-apsed--apsed_movements.parquet","pmp-apsed--apsed_movements","APSED","MOVEMENT_END_DATE","generic_2024_date_range","warning",100,"2024-07-19","All parseable dates fall in 2024; verify the source reference period."
"apsc-apsed/pmp-apsed--apsed_movements.parquet","pmp-apsed--apsed_movements","APSED","MOVEMENT_START_DATE","generic_2024_date_range","warning",100,"2024-01-01","All parseable dates fall in 2024; verify the source reference period."
"apsc-apsed/pmp-apsed/part-000.parquet","pmp-apsed","APSED","SNAPSHOT_DATE","generic_2024_date_range","warning",3,"2024-06-30","All parseable dates fall in 2024; verify the source reference period."
"apsc-apsed/pmp-apsed/part-000.parquet","pmp-apsed","APSED","MOVEMENT_END_DATE","generic_2024_date_range","warning",3,"2024-03-06","All parseable dates fall in 2024; verify the source reference period."
"apsc-apsed/pmp-apsed/part-000.parquet","pmp-apsed","APSED","MOVEMENT_START_DATE","generic_2024_date_range","warning",3,"2024-01-30","All parseable dates fall in 2024; verify the source reference period."
"ato-busown/madipge-ato-d-business-owners-fy2324--ato_partnership_fy2324_12m.parquet","madipge-ato-d-business-owners-fy2324--ato_partnership_fy2324_12m","BUSOWN","FIN_YEAR","generic_fixed_financial_year","warning",100,"2023-24","All non-missing financial-year values use the lightweight fallback."
"ato-busown/madipge-ato-d-business-owners-fy2324--ato_sole_trader_fy2324_12m.parquet","madipge-ato-d-business-owners-fy2324--ato_sole_trader_fy2324_12m","BUSOWN","FIN_YEAR","generic_fixed_financial_year","warning",100,"2023-24","All non-missing financial-year values use the lightweight fallback."
"ato-pit_ie/madipge-ato-d-pit-income-edited-fy2324--plida_income_edited_2324_12m.parquet","madipge-ato-d-pit-income-edited-fy2324--plida_income_edited_2324_12m","PIT_IE","FIN_YEAR","generic_fixed_financial_year","warning",100,"2023-24","All non-missing financial-year values use the lightweight fallback."
"ato-pit_itr/madipge-ato-d-context-fy2324--ato_itr_context_2324_12m.parquet","madipge-ato-d-context-fy2324--ato_itr_context_2324_12m","PIT_ITR","FIN_YEAR","generic_fixed_financial_year","warning",100,"2023-24","All non-missing financial-year values use the lightweight fallback."
"ato-pit_itr/madipge-ato-d-context-fy2324--ato_itr_context_2324_12m.parquet","madipge-ato-d-context-fy2324--ato_itr_context_2324_12m","PIT_ITR","INCM_YR","generic_fixed_year","warning",100,"2024","All non-missing year values use the lightweight fallback year."
"ato-pit_itr/madipge-ato-d-context-fy2324/part-000.parquet","madipge-ato-d-context-fy2324","PIT_ITR","INCM_YR","generic_fixed_year","warning",201,"2024","All non-missing year values use the lightweight fallback year."
"ato-pit_itr/madipge-ato-d-ded-exp-off-fy2324--ato_itr_ded_exp_off_2324_12m.parquet","madipge-ato-d-ded-exp-off-fy2324--ato_itr_ded_exp_off_2324_12m","PIT_ITR","INCM_YR","generic_fixed_year","warning",100,"2024","All non-missing year values use the lightweight fallback year."
"ato-pit_itr/madipge-ato-d-ded-exp-off-fy2324/part-000.parquet","madipge-ato-d-ded-exp-off-fy2324","PIT_ITR","INCM_YR","generic_fixed_year","warning",201,"2024","All non-missing year values use the lightweight fallback year."
"ato-pit_itr/madipge-ato-d-inc-loss-fy2324--ato_itr_inc_loss_2324_12m.parquet","madipge-ato-d-inc-loss-fy2324--ato_itr_inc_loss_2324_12m","PIT_ITR","INCM_YR","generic_fixed_year","warning",100,"2024","All non-missing year values use the lightweight fallback year."
"ato-pit_itr/madipge-ato-d-inc-loss-fy2324/part-000.parquet","madipge-ato-d-inc-loss-fy2324","PIT_ITR","INCM_YR","generic_fixed_year","warning",201,"2024","All non-missing year values use the lightweight fallback year."
"ato-pit_itr/madipge-ato-d-pay-sum-fy2324--plida_ps_2324_12m_bn.parquet","madipge-ato-d-pay-sum-fy2324--plida_ps_2324_12m_bn","PIT_ITR","FIN_YEAR","generic_fixed_financial_year","warning",100,"2023-24","All non-missing financial-year values use the lightweight fallback."
"ato-pit_itr/madipge-ato-d-pay-sum-fy2324--plida_ps_2324_12m_bn.parquet","madipge-ato-d-pay-sum-fy2324--plida_ps_2324_12m_bn","PIT_ITR","INCM_YR","generic_fixed_year","warning",100,"2024","All non-missing year values use the lightweight fallback year."
"ato-pit_itr/madipge-ato-d-pay-sum-fy2324--plida_ps_2324_12m_bn.parquet","madipge-ato-d-pay-sum-fy2324--plida_ps_2324_12m_bn","PIT_ITR","PERD_END_DT","generic_2024_date_range","warning",100,"2024-01-18","All parseable dates fall in 2024; verify the source reference period."
"ato-pit_itr/madipge-ato-d-whld-debt-fy2324--ato_itr_whld_debt_2324_12m.parquet","madipge-ato-d-whld-debt-fy2324--ato_itr_whld_debt_2324_12m","PIT_ITR","INCM_YR","generic_fixed_year","warning",100,"2024","All non-missing year values use the lightweight fallback year."
"ato-pit_itr/madipge-ato-d-whld-debt-fy2324/part-000.parquet","madipge-ato-d-whld-debt-fy2324","PIT_ITR","INCM_YR","generic_fixed_year","warning",201,"2024","All non-missing year values use the lightweight fallback year."
"ato-pit_itr/madipge-ato-d-ws-fy2324--plida_itr_ws_2324_12m_bn.parquet","madipge-ato-d-ws-fy2324--plida_itr_ws_2324_12m_bn","PIT_ITR","FIN_YEAR","generic_fixed_financial_year","warning",100,"2023-24","All non-missing financial-year values use the lightweight fallback."
"ato-pit_ps/madipge-ato-d-pay-sum-fy2324/part-000.parquet","madipge-ato-d-pay-sum-fy2324","PIT_ITR","FINANCIAL_YEAR","generic_fixed_year","warning",260,"2024","All non-missing year values use the lightweight fallback year."
"ato-sae/madipmp-ato-maasmats-2023-24--plida_maasmats_2324_12m.parquet","madipmp-ato-maasmats-2023-24--plida_maasmats_2324_12m","SAE","FIN_YEAR","generic_fixed_financial_year","warning",100,"2023-24","All non-missing financial-year values use the lightweight fallback."
"ato-stp/pmp-stp-extended--stp_extended_etp_2023_24.parquet","pmp-stp-extended--stp_extended_etp_2023_24","STP","PYRL_FNCL_YR","generic_fixed_financial_year","warning",6,"2023-24","All non-missing financial-year values use the lightweight fallback."
"ato-stp/pmp-stp-extended--stp_extended_etp_2023-24.parquet","pmp-stp-extended--stp_extended_etp_2023-24","STP","PYRL_FNCL_YR","generic_fixed_financial_year","warning",100,"2023-24","All non-missing financial-year values use the lightweight fallback."
"ato-stp/pmp-stp-extended--stp_extended_jobs_2023_24.parquet","pmp-stp-extended--stp_extended_jobs_2023_24","STP","PYRL_FNCL_YR","generic_fixed_financial_year","warning",100,"2023-24","All non-missing financial-year values use the lightweight fallback."
"ato-stp/pmp-stp-extended--stp_extended_jobs_2023-24.parquet","pmp-stp-extended--stp_extended_jobs_2023-24","STP","PYRL_FNCL_YR","generic_fixed_financial_year","warning",100,"2023-24","All non-missing financial-year values use the lightweight fallback."
"ato-stp/pmp-stp-extended--stp_extended_jobs_2023-24.parquet","pmp-stp-extended--stp_extended_jobs_2023-24","STP","PYR_PYE_RLTNSHP_CESTN_DT","generic_2024_date_range","warning",100,"2024-01-18","All parseable dates fall in 2024; verify the source reference period."
"ato-stp/pmp-stp-extended--stp_extended_pay_events_2023_m07.parquet","pmp-stp-extended--stp_extended_pay_events_2023_m07","STP","PYRL_FNCL_YR","generic_fixed_financial_year","warning",100,"2023-24","All non-missing financial-year values use the lightweight fallback."
"ato-stp/pmp-stp-extended--stp_extended_pay_events_2023_m08.parquet","pmp-stp-extended--stp_extended_pay_events_2023_m08","STP","PYRL_FNCL_YR","generic_fixed_financial_year","warning",100,"2023-24","All non-missing financial-year values use the lightweight fallback."
"ato-stp/pmp-stp-extended--stp_extended_pay_events_2023_m09.parquet","pmp-stp-extended--stp_extended_pay_events_2023_m09","STP","PYRL_FNCL_YR","generic_fixed_financial_year","warning",100,"2023-24","All non-missing financial-year values use the lightweight fallback."
"ato-stp/pmp-stp-extended--stp_extended_pay_events_2023_m10.parquet","pmp-stp-extended--stp_extended_pay_events_2023_m10","STP","PYRL_FNCL_YR","generic_fixed_financial_year","warning",100,"2023-24","All non-missing financial-year values use the lightweight fallback."
"ato-stp/pmp-stp-extended--stp_extended_pay_events_2023_m11.parquet","pmp-stp-extended--stp_extended_pay_events_2023_m11","STP","PYRL_FNCL_YR","generic_fixed_financial_year","warning",100,"2023-24","All non-missing financial-year values use the lightweight fallback."
"ato-stp/pmp-stp-extended--stp_extended_pay_events_2023_m12.parquet","pmp-stp-extended--stp_extended_pay_events_2023_m12","STP","PYRL_FNCL_YR","generic_fixed_financial_year","warning",100,"2023-24","All non-missing financial-year values use the lightweight fallback."
"ato-stp/pmp-stp-extended--stp_extended_pay_events_2024_m01.parquet","pmp-stp-extended--stp_extended_pay_events_2024_m01","STP","PMT_DT","generic_2024_date_range","warning",100,"2024-01-01","All parseable dates fall in 2024; verify the source reference period."
"ato-stp/pmp-stp-extended--stp_extended_pay_events_2024_m01.parquet","pmp-stp-extended--stp_extended_pay_events_2024_m01","STP","PYRL_FNCL_YR","generic_fixed_financial_year","warning",100,"2023-24","All non-missing financial-year values use the lightweight fallback."
"ato-stp/pmp-stp-extended--stp_extended_pay_events_2024_m01.parquet","pmp-stp-extended--stp_extended_pay_events_2024_m01","STP","PYR_PYE_RLTNSHP_CESTN_DT","generic_2024_date_range","warning",100,"2024-01-17","All parseable dates fall in 2024; verify the source reference period."
"ato-stp/pmp-stp-extended--stp_extended_pay_events_2024_m02.parquet","pmp-stp-extended--stp_extended_pay_events_2024_m02","STP","DRVPAYENDDATE","generic_2024_date_range","warning",100,"2024-01-27","All parseable dates fall in 2024; verify the source reference period."
"ato-stp/pmp-stp-extended--stp_extended_pay_events_2024_m02.parquet","pmp-stp-extended--stp_extended_pay_events_2024_m02","STP","DRVPAYSTARTDATE","generic_2024_date_range","warning",100,"2024-01-17","All parseable dates fall in 2024; verify the source reference period."
"ato-stp/pmp-stp-extended--stp_extended_pay_events_2024_m02.parquet","pmp-stp-extended--stp_extended_pay_events_2024_m02","STP","PMT_DT","generic_2024_date_range","warning",100,"2024-02-01","All parseable dates fall in 2024; verify the source reference period."
"ato-stp/pmp-stp-extended--stp_extended_pay_events_2024_m02.parquet","pmp-stp-extended--stp_extended_pay_events_2024_m02","STP","PYRL_FNCL_YR","generic_fixed_financial_year","warning",100,"2023-24","All non-missing financial-year values use the lightweight fallback."
"ato-stp/pmp-stp-extended--stp_extended_pay_events_2024_m03.parquet","pmp-stp-extended--stp_extended_pay_events_2024_m03","STP","DRVPAYENDDATE","generic_2024_date_range","warning",100,"2024-02-25","All parseable dates fall in 2024; verify the source reference period."
"ato-stp/pmp-stp-extended--stp_extended_pay_events_2024_m03.parquet","pmp-stp-extended--stp_extended_pay_events_2024_m03","STP","DRVPAYSTARTDATE","generic_2024_date_range","warning",100,"2024-02-15","All parseable dates fall in 2024; verify the source reference period."
"ato-stp/pmp-stp-extended--stp_extended_pay_events_2024_m03.parquet","pmp-stp-extended--stp_extended_pay_events_2024_m03","STP","PMT_DT","generic_2024_date_range","warning",100,"2024-03-01","All parseable dates fall in 2024; verify the source reference period."
"ato-stp/pmp-stp-extended--stp_extended_pay_events_2024_m03.parquet","pmp-stp-extended--stp_extended_pay_events_2024_m03","STP","PYRL_FNCL_YR","generic_fixed_financial_year","warning",100,"2023-24","All non-missing financial-year values use the lightweight fallback."
"ato-stp/pmp-stp-extended--stp_extended_pay_events_2024_m03.parquet","pmp-stp-extended--stp_extended_pay_events_2024_m03","STP","PYR_PYE_RLTNSHP_CESTN_DT","generic_2024_date_range","warning",100,"2024-03-17","All parseable dates fall in 2024; verify the source reference period."
"ato-stp/pmp-stp-extended--stp_extended_pay_events_2024_m04.parquet","pmp-stp-extended--stp_extended_pay_events_2024_m04","STP","DRVPAYENDDATE","generic_2024_date_range","warning",100,"2024-03-27","All parseable dates fall in 2024; verify the source reference period."
"ato-stp/pmp-stp-extended--stp_extended_pay_events_2024_m04.parquet","pmp-stp-extended--stp_extended_pay_events_2024_m04","STP","DRVPAYSTARTDATE","generic_2024_date_range","warning",100,"2024-03-17","All parseable dates fall in 2024; verify the source reference period."
"ato-stp/pmp-stp-extended--stp_extended_pay_events_2024_m04.parquet","pmp-stp-extended--stp_extended_pay_events_2024_m04","STP","PMT_DT","generic_2024_date_range","warning",100,"2024-04-01","All parseable dates fall in 2024; verify the source reference period."
"ato-stp/pmp-stp-extended--stp_extended_pay_events_2024_m04.parquet","pmp-stp-extended--stp_extended_pay_events_2024_m04","STP","PYRL_FNCL_YR","generic_fixed_financial_year","warning",100,"2023-24","All non-missing financial-year values use the lightweight fallback."
"ato-stp/pmp-stp-extended--stp_extended_pay_events_2024_m04.parquet","pmp-stp-extended--stp_extended_pay_events_2024_m04","STP","PYR_PYE_RLTNSHP_CESTN_DT","generic_2024_date_range","warning",100,"2024-04-16","All parseable dates fall in 2024; verify the source reference period."
"ato-stp/pmp-stp-extended--stp_extended_pay_events_2024_m05.parquet","pmp-stp-extended--stp_extended_pay_events_2024_m05","STP","DRVPAYENDDATE","generic_2024_date_range","warning",100,"2024-04-26","All parseable dates fall in 2024; verify the source reference period."
"ato-stp/pmp-stp-extended--stp_extended_pay_events_2024_m05.parquet","pmp-stp-extended--stp_extended_pay_events_2024_m05","STP","DRVPAYSTARTDATE","generic_2024_date_range","warning",100,"2024-04-16","All parseable dates fall in 2024; verify the source reference period."
"ato-stp/pmp-stp-extended--stp_extended_pay_events_2024_m05.parquet","pmp-stp-extended--stp_extended_pay_events_2024_m05","STP","PMT_DT","generic_2024_date_range","warning",100,"2024-05-01","All parseable dates fall in 2024; verify the source reference period."
"ato-stp/pmp-stp-extended--stp_extended_pay_events_2024_m05.parquet","pmp-stp-extended--stp_extended_pay_events_2024_m05","STP","PYRL_FNCL_YR","generic_fixed_financial_year","warning",100,"2023-24","All non-missing financial-year values use the lightweight fallback."
"ato-stp/pmp-stp-extended--stp_extended_pay_events_2024_m05.parquet","pmp-stp-extended--stp_extended_pay_events_2024_m05","STP","PYR_PYE_RLTNSHP_CESTN_DT","generic_2024_date_range","warning",100,"2024-05-17","All parseable dates fall in 2024; verify the source reference period."
"ato-stp/pmp-stp-extended--stp_extended_pay_events_2024_m06.parquet","pmp-stp-extended--stp_extended_pay_events_2024_m06","STP","DRVPAYENDDATE","generic_2024_date_range","warning",100,"2024-05-27","All parseable dates fall in 2024; verify the source reference period."
"ato-stp/pmp-stp-extended--stp_extended_pay_events_2024_m06.parquet","pmp-stp-extended--stp_extended_pay_events_2024_m06","STP","DRVPAYSTARTDATE","generic_2024_date_range","warning",100,"2024-05-17","All parseable dates fall in 2024; verify the source reference period."
"ato-stp/pmp-stp-extended--stp_extended_pay_events_2024_m06.parquet","pmp-stp-extended--stp_extended_pay_events_2024_m06","STP","PMT_DT","generic_2024_date_range","warning",100,"2024-06-01","All parseable dates fall in 2024; verify the source reference period."
"ato-stp/pmp-stp-extended--stp_extended_pay_events_2024_m06.parquet","pmp-stp-extended--stp_extended_pay_events_2024_m06","STP","PYRL_FNCL_YR","generic_fixed_financial_year","warning",100,"2023-24","All non-missing financial-year values use the lightweight fallback."
"ato-stp/pmp-stp-extended--stp_extended_pay_events_2024_m06.parquet","pmp-stp-extended--stp_extended_pay_events_2024_m06","STP","PYR_PYE_RLTNSHP_CESTN_DT","generic_2024_date_range","warning",100,"2024-06-17","All parseable dates fall in 2024; verify the source reference period."
"ato-stp/pmp-stp-extended--stp_extended_pay_events_2024_m07.parquet","pmp-stp-extended--stp_extended_pay_events_2024_m07","STP","DRVPAYENDDATE","generic_2024_date_range","warning",100,"2024-06-26","All parseable dates fall in 2024; verify the source reference period."
"ato-stp/pmp-stp-extended--stp_extended_pay_events_2024_m07.parquet","pmp-stp-extended--stp_extended_pay_events_2024_m07","STP","DRVPAYSTARTDATE","generic_2024_date_range","warning",100,"2024-06-16","All parseable dates fall in 2024; verify the source reference period."
"ato-stp/pmp-stp-extended--stp_extended_pay_events_2024_m07.parquet","pmp-stp-extended--stp_extended_pay_events_2024_m07","STP","PMT_DT","generic_2024_date_range","warning",100,"2024-07-01","All parseable dates fall in 2024; verify the source reference period."
"ato-stp/pmp-stp-extended--stp_extended_pay_events_2024_m07.parquet","pmp-stp-extended--stp_extended_pay_events_2024_m07","STP","PYR_PYE_RLTNSHP_CESTN_DT","generic_2024_date_range","warning",100,"2024-07-17","All parseable dates fall in 2024; verify the source reference period."
"ato-stp/pmp-stp-extended--stp_extended_pay_events_2024_m08.parquet","pmp-stp-extended--stp_extended_pay_events_2024_m08","STP","DRVPAYENDDATE","generic_2024_date_range","warning",100,"2024-07-27","All parseable dates fall in 2024; verify the source reference period."
"ato-stp/pmp-stp-extended--stp_extended_pay_events_2024_m08.parquet","pmp-stp-extended--stp_extended_pay_events_2024_m08","STP","DRVPAYSTARTDATE","generic_2024_date_range","warning",100,"2024-07-17","All parseable dates fall in 2024; verify the source reference period."
"ato-stp/pmp-stp-extended--stp_extended_pay_events_2024_m08.parquet","pmp-stp-extended--stp_extended_pay_events_2024_m08","STP","PMT_DT","generic_2024_date_range","warning",100,"2024-08-01","All parseable dates fall in 2024; verify the source reference period."
"ato-stp/pmp-stp-extended--stp_extended_pay_events_2024_m08.parquet","pmp-stp-extended--stp_extended_pay_events_2024_m08","STP","PYR_PYE_RLTNSHP_CESTN_DT","generic_2024_date_range","warning",100,"2024-08-17","All parseable dates fall in 2024; verify the source reference period."
"ato-stp/pmp-stp-extended--stp_extended_pay_events_2024_m09.parquet","pmp-stp-extended--stp_extended_pay_events_2024_m09","STP","DRVPAYENDDATE","generic_2024_date_range","warning",100,"2024-08-27","All parseable dates fall in 2024; verify the source reference period."
"ato-stp/pmp-stp-extended--stp_extended_pay_events_2024_m09.parquet","pmp-stp-extended--stp_extended_pay_events_2024_m09","STP","DRVPAYSTARTDATE","generic_2024_date_range","warning",100,"2024-08-17","All parseable dates fall in 2024; verify the source reference period."
"ato-stp/pmp-stp-extended--stp_extended_pay_events_2024_m09.parquet","pmp-stp-extended--stp_extended_pay_events_2024_m09","STP","PMT_DT","generic_2024_date_range","warning",100,"2024-09-01","All parseable dates fall in 2024; verify the source reference period."
"ato-stp/pmp-stp-extended--stp_extended_pay_events_2024_m10.parquet","pmp-stp-extended--stp_extended_pay_events_2024_m10","STP","DRVPAYENDDATE","generic_2024_date_range","warning",100,"2024-09-26","All parseable dates fall in 2024; verify the source reference period."
"ato-stp/pmp-stp-extended--stp_extended_pay_events_2024_m10.parquet","pmp-stp-extended--stp_extended_pay_events_2024_m10","STP","DRVPAYSTARTDATE","generic_2024_date_range","warning",100,"2024-09-16","All parseable dates fall in 2024; verify the source reference period."
"ato-stp/pmp-stp-extended--stp_extended_pay_events_2024_m10.parquet","pmp-stp-extended--stp_extended_pay_events_2024_m10","STP","PMT_DT","generic_2024_date_range","warning",100,"2024-10-01","All parseable dates fall in 2024; verify the source reference period."
"ato-stp/pmp-stp-extended--stp_extended_pay_events_2024_m11.parquet","pmp-stp-extended--stp_extended_pay_events_2024_m11","STP","DRVPAYENDDATE","generic_2024_date_range","warning",100,"2024-10-27","All parseable dates fall in 2024; verify the source reference period."
"ato-stp/pmp-stp-extended--stp_extended_pay_events_2024_m11.parquet","pmp-stp-extended--stp_extended_pay_events_2024_m11","STP","DRVPAYSTARTDATE","generic_2024_date_range","warning",100,"2024-10-17","All parseable dates fall in 2024; verify the source reference period."
"ato-stp/pmp-stp-extended--stp_extended_pay_events_2024_m11.parquet","pmp-stp-extended--stp_extended_pay_events_2024_m11","STP","PMT_DT","generic_2024_date_range","warning",100,"2024-11-01","All parseable dates fall in 2024; verify the source reference period."
"ato-stp/pmp-stp-extended--stp_extended_pay_events_2024_m12.parquet","pmp-stp-extended--stp_extended_pay_events_2024_m12","STP","DRVPAYENDDATE","generic_2024_date_range","warning",100,"2024-11-26","All parseable dates fall in 2024; verify the source reference period."
"ato-stp/pmp-stp-extended--stp_extended_pay_events_2024_m12.parquet","pmp-stp-extended--stp_extended_pay_events_2024_m12","STP","DRVPAYSTARTDATE","generic_2024_date_range","warning",100,"2024-11-16","All parseable dates fall in 2024; verify the source reference period."
"ato-stp/pmp-stp-extended--stp_extended_pay_events_2024_m12.parquet","pmp-stp-extended--stp_extended_pay_events_2024_m12","STP","PMT_DT","generic_2024_date_range","warning",100,"2024-12-01","All parseable dates fall in 2024; verify the source reference period."
"ato-stp/pmp-stp-extended--stp_extended_pay_events_2024_m12.parquet","pmp-stp-extended--stp_extended_pay_events_2024_m12","STP","PYR_PYE_RLTNSHP_CESTN_DT","generic_2024_date_range","warning",100,"2024-12-17","All parseable dates fall in 2024; verify the source reference period."
"ato-stp/pmp-stp-standard--stp_standard_jobs_2023_24.parquet","pmp-stp-standard--stp_standard_jobs_2023_24","STP","PYRL_FNCL_YR","generic_fixed_financial_year","warning",100,"2023-24","All non-missing financial-year values use the lightweight fallback."
"ato-stp/pmp-stp-standard--stp_standard_jobs_2023-24.parquet","pmp-stp-standard--stp_standard_jobs_2023-24","STP","PYRL_FNCL_YR","generic_fixed_financial_year","warning",100,"2023-24","All non-missing financial-year values use the lightweight fallback."
"ato-stp/pmp-stp-standard--stp_standard_jobs_2023-24.parquet","pmp-stp-standard--stp_standard_jobs_2023-24","STP","PYR_PYE_RLTNSHP_CESTN_DT","generic_2024_date_range","warning",100,"2024-01-19","All parseable dates fall in 2024; verify the source reference period."
"ato-stp/pmp-stp-standard--stp_standard_pay_events_2023_m07.parquet","pmp-stp-standard--stp_standard_pay_events_2023_m07","STP","PYRL_FNCL_YR","generic_fixed_financial_year","warning",100,"2023-24","All non-missing financial-year values use the lightweight fallback."
"ato-stp/pmp-stp-standard--stp_standard_pay_events_2023_m08.parquet","pmp-stp-standard--stp_standard_pay_events_2023_m08","STP","PYRL_FNCL_YR","generic_fixed_financial_year","warning",100,"2023-24","All non-missing financial-year values use the lightweight fallback."
"ato-stp/pmp-stp-standard--stp_standard_pay_events_2023_m09.parquet","pmp-stp-standard--stp_standard_pay_events_2023_m09","STP","PYRL_FNCL_YR","generic_fixed_financial_year","warning",100,"2023-24","All non-missing financial-year values use the lightweight fallback."
"ato-stp/pmp-stp-standard--stp_standard_pay_events_2023_m10.parquet","pmp-stp-standard--stp_standard_pay_events_2023_m10","STP","PYRL_FNCL_YR","generic_fixed_financial_year","warning",100,"2023-24","All non-missing financial-year values use the lightweight fallback."
"ato-stp/pmp-stp-standard--stp_standard_pay_events_2023_m11.parquet","pmp-stp-standard--stp_standard_pay_events_2023_m11","STP","PYRL_FNCL_YR","generic_fixed_financial_year","warning",100,"2023-24","All non-missing financial-year values use the lightweight fallback."
"ato-stp/pmp-stp-standard--stp_standard_pay_events_2023_m12.parquet","pmp-stp-standard--stp_standard_pay_events_2023_m12","STP","PYRL_FNCL_YR","generic_fixed_financial_year","warning",100,"2023-24","All non-missing financial-year values use the lightweight fallback."
"ato-stp/pmp-stp-standard--stp_standard_pay_events_2024_m01.parquet","pmp-stp-standard--stp_standard_pay_events_2024_m01","STP","PMT_DT","generic_2024_date_range","warning",100,"2024-01-01","All parseable dates fall in 2024; verify the source reference period."
"ato-stp/pmp-stp-standard--stp_standard_pay_events_2024_m01.parquet","pmp-stp-standard--stp_standard_pay_events_2024_m01","STP","PYRL_FNCL_YR","generic_fixed_financial_year","warning",100,"2023-24","All non-missing financial-year values use the lightweight fallback."
"ato-stp/pmp-stp-standard--stp_standard_pay_events_2024_m01.parquet","pmp-stp-standard--stp_standard_pay_events_2024_m01","STP","PYR_PYE_RLTNSHP_CESTN_DT","generic_2024_date_range","warning",100,"2024-01-17","All parseable dates fall in 2024; verify the source reference period."
"ato-stp/pmp-stp-standard--stp_standard_pay_events_2024_m02.parquet","pmp-stp-standard--stp_standard_pay_events_2024_m02","STP","DRVPAYENDDATE","generic_2024_date_range","warning",100,"2024-01-27","All parseable dates fall in 2024; verify the source reference period."
"ato-stp/pmp-stp-standard--stp_standard_pay_events_2024_m02.parquet","pmp-stp-standard--stp_standard_pay_events_2024_m02","STP","DRVPAYSTARTDATE","generic_2024_date_range","warning",100,"2024-01-17","All parseable dates fall in 2024; verify the source reference period."
"ato-stp/pmp-stp-standard--stp_standard_pay_events_2024_m02.parquet","pmp-stp-standard--stp_standard_pay_events_2024_m02","STP","PMT_DT","generic_2024_date_range","warning",100,"2024-02-01","All parseable dates fall in 2024; verify the source reference period."
"ato-stp/pmp-stp-standard--stp_standard_pay_events_2024_m02.parquet","pmp-stp-standard--stp_standard_pay_events_2024_m02","STP","PYRL_FNCL_YR","generic_fixed_financial_year","warning",100,"2023-24","All non-missing financial-year values use the lightweight fallback."
"ato-stp/pmp-stp-standard--stp_standard_pay_events_2024_m03.parquet","pmp-stp-standard--stp_standard_pay_events_2024_m03","STP","DRVPAYENDDATE","generic_2024_date_range","warning",100,"2024-02-25","All parseable dates fall in 2024; verify the source reference period."
"ato-stp/pmp-stp-standard--stp_standard_pay_events_2024_m03.parquet","pmp-stp-standard--stp_standard_pay_events_2024_m03","STP","DRVPAYSTARTDATE","generic_2024_date_range","warning",100,"2024-02-15","All parseable dates fall in 2024; verify the source reference period."
"ato-stp/pmp-stp-standard--stp_standard_pay_events_2024_m03.parquet","pmp-stp-standard--stp_standard_pay_events_2024_m03","STP","PMT_DT","generic_2024_date_range","warning",100,"2024-03-01","All parseable dates fall in 2024; verify the source reference period."
"ato-stp/pmp-stp-standard--stp_standard_pay_events_2024_m03.parquet","pmp-stp-standard--stp_standard_pay_events_2024_m03","STP","PYRL_FNCL_YR","generic_fixed_financial_year","warning",100,"2023-24","All non-missing financial-year values use the lightweight fallback."
"ato-stp/pmp-stp-standard--stp_standard_pay_events_2024_m03.parquet","pmp-stp-standard--stp_standard_pay_events_2024_m03","STP","PYR_PYE_RLTNSHP_CESTN_DT","generic_2024_date_range","warning",100,"2024-03-17","All parseable dates fall in 2024; verify the source reference period."
"ato-stp/pmp-stp-standard--stp_standard_pay_events_2024_m04.parquet","pmp-stp-standard--stp_standard_pay_events_2024_m04","STP","DRVPAYENDDATE","generic_2024_date_range","warning",100,"2024-03-27","All parseable dates fall in 2024; verify the source reference period."
"ato-stp/pmp-stp-standard--stp_standard_pay_events_2024_m04.parquet","pmp-stp-standard--stp_standard_pay_events_2024_m04","STP","DRVPAYSTARTDATE","generic_2024_date_range","warning",100,"2024-03-17","All parseable dates fall in 2024; verify the source reference period."
"ato-stp/pmp-stp-standard--stp_standard_pay_events_2024_m04.parquet","pmp-stp-standard--stp_standard_pay_events_2024_m04","STP","PMT_DT","generic_2024_date_range","warning",100,"2024-04-01","All parseable dates fall in 2024; verify the source reference period."
"ato-stp/pmp-stp-standard--stp_standard_pay_events_2024_m04.parquet","pmp-stp-standard--stp_standard_pay_events_2024_m04","STP","PYRL_FNCL_YR","generic_fixed_financial_year","warning",100,"2023-24","All non-missing financial-year values use the lightweight fallback."
"ato-stp/pmp-stp-standard--stp_standard_pay_events_2024_m04.parquet","pmp-stp-standard--stp_standard_pay_events_2024_m04","STP","PYR_PYE_RLTNSHP_CESTN_DT","generic_2024_date_range","warning",100,"2024-04-16","All parseable dates fall in 2024; verify the source reference period."
"ato-stp/pmp-stp-standard--stp_standard_pay_events_2024_m05.parquet","pmp-stp-standard--stp_standard_pay_events_2024_m05","STP","DRVPAYENDDATE","generic_2024_date_range","warning",100,"2024-04-26","All parseable dates fall in 2024; verify the source reference period."
"ato-stp/pmp-stp-standard--stp_standard_pay_events_2024_m05.parquet","pmp-stp-standard--stp_standard_pay_events_2024_m05","STP","DRVPAYSTARTDATE","generic_2024_date_range","warning",100,"2024-04-16","All parseable dates fall in 2024; verify the source reference period."
"ato-stp/pmp-stp-standard--stp_standard_pay_events_2024_m05.parquet","pmp-stp-standard--stp_standard_pay_events_2024_m05","STP","PMT_DT","generic_2024_date_range","warning",100,"2024-05-01","All parseable dates fall in 2024; verify the source reference period."
"ato-stp/pmp-stp-standard--stp_standard_pay_events_2024_m05.parquet","pmp-stp-standard--stp_standard_pay_events_2024_m05","STP","PYRL_FNCL_YR","generic_fixed_financial_year","warning",100,"2023-24","All non-missing financial-year values use the lightweight fallback."
"ato-stp/pmp-stp-standard--stp_standard_pay_events_2024_m05.parquet","pmp-stp-standard--stp_standard_pay_events_2024_m05","STP","PYR_PYE_RLTNSHP_CESTN_DT","generic_2024_date_range","warning",100,"2024-05-17","All parseable dates fall in 2024; verify the source reference period."
"ato-stp/pmp-stp-standard--stp_standard_pay_events_2024_m06.parquet","pmp-stp-standard--stp_standard_pay_events_2024_m06","STP","DRVPAYENDDATE","generic_2024_date_range","warning",100,"2024-05-27","All parseable dates fall in 2024; verify the source reference period."
"ato-stp/pmp-stp-standard--stp_standard_pay_events_2024_m06.parquet","pmp-stp-standard--stp_standard_pay_events_2024_m06","STP","DRVPAYSTARTDATE","generic_2024_date_range","warning",100,"2024-05-17","All parseable dates fall in 2024; verify the source reference period."
"ato-stp/pmp-stp-standard--stp_standard_pay_events_2024_m06.parquet","pmp-stp-standard--stp_standard_pay_events_2024_m06","STP","PMT_DT","generic_2024_date_range","warning",100,"2024-06-01","All parseable dates fall in 2024; verify the source reference period."
"ato-stp/pmp-stp-standard--stp_standard_pay_events_2024_m06.parquet","pmp-stp-standard--stp_standard_pay_events_2024_m06","STP","PYRL_FNCL_YR","generic_fixed_financial_year","warning",100,"2023-24","All non-missing financial-year values use the lightweight fallback."
"ato-stp/pmp-stp-standard--stp_standard_pay_events_2024_m06.parquet","pmp-stp-standard--stp_standard_pay_events_2024_m06","STP","PYR_PYE_RLTNSHP_CESTN_DT","generic_2024_date_range","warning",100,"2024-06-17","All parseable dates fall in 2024; verify the source reference period."
"ato-stp/pmp-stp-standard--stp_standard_pay_events_2024_m07.parquet","pmp-stp-standard--stp_standard_pay_events_2024_m07","STP","DRVPAYENDDATE","generic_2024_date_range","warning",100,"2024-06-26","All parseable dates fall in 2024; verify the source reference period."
"ato-stp/pmp-stp-standard--stp_standard_pay_events_2024_m07.parquet","pmp-stp-standard--stp_standard_pay_events_2024_m07","STP","DRVPAYSTARTDATE","generic_2024_date_range","warning",100,"2024-06-16","All parseable dates fall in 2024; verify the source reference period."
"ato-stp/pmp-stp-standard--stp_standard_pay_events_2024_m07.parquet","pmp-stp-standard--stp_standard_pay_events_2024_m07","STP","PMT_DT","generic_2024_date_range","warning",100,"2024-07-01","All parseable dates fall in 2024; verify the source reference period."
"ato-stp/pmp-stp-standard--stp_standard_pay_events_2024_m07.parquet","pmp-stp-standard--stp_standard_pay_events_2024_m07","STP","PYR_PYE_RLTNSHP_CESTN_DT","generic_2024_date_range","warning",100,"2024-07-17","All parseable dates fall in 2024; verify the source reference period."
"ato-stp/pmp-stp-standard--stp_standard_pay_events_2024_m08.parquet","pmp-stp-standard--stp_standard_pay_events_2024_m08","STP","DRVPAYENDDATE","generic_2024_date_range","warning",100,"2024-07-27","All parseable dates fall in 2024; verify the source reference period."
"ato-stp/pmp-stp-standard--stp_standard_pay_events_2024_m08.parquet","pmp-stp-standard--stp_standard_pay_events_2024_m08","STP","DRVPAYSTARTDATE","generic_2024_date_range","warning",100,"2024-07-17","All parseable dates fall in 2024; verify the source reference period."
"ato-stp/pmp-stp-standard--stp_standard_pay_events_2024_m08.parquet","pmp-stp-standard--stp_standard_pay_events_2024_m08","STP","PMT_DT","generic_2024_date_range","warning",100,"2024-08-01","All parseable dates fall in 2024; verify the source reference period."
"ato-stp/pmp-stp-standard--stp_standard_pay_events_2024_m08.parquet","pmp-stp-standard--stp_standard_pay_events_2024_m08","STP","PYR_PYE_RLTNSHP_CESTN_DT","generic_2024_date_range","warning",100,"2024-08-17","All parseable dates fall in 2024; verify the source reference period."
"ato-stp/pmp-stp-standard--stp_standard_pay_events_2024_m09.parquet","pmp-stp-standard--stp_standard_pay_events_2024_m09","STP","DRVPAYENDDATE","generic_2024_date_range","warning",100,"2024-08-27","All parseable dates fall in 2024; verify the source reference period."
"ato-stp/pmp-stp-standard--stp_standard_pay_events_2024_m09.parquet","pmp-stp-standard--stp_standard_pay_events_2024_m09","STP","DRVPAYSTARTDATE","generic_2024_date_range","warning",100,"2024-08-17","All parseable dates fall in 2024; verify the source reference period."
"ato-stp/pmp-stp-standard--stp_standard_pay_events_2024_m09.parquet","pmp-stp-standard--stp_standard_pay_events_2024_m09","STP","PMT_DT","generic_2024_date_range","warning",100,"2024-09-01","All parseable dates fall in 2024; verify the source reference period."
"ato-stp/pmp-stp-standard--stp_standard_pay_events_2024_m10.parquet","pmp-stp-standard--stp_standard_pay_events_2024_m10","STP","DRVPAYENDDATE","generic_2024_date_range","warning",100,"2024-09-26","All parseable dates fall in 2024; verify the source reference period."
"ato-stp/pmp-stp-standard--stp_standard_pay_events_2024_m10.parquet","pmp-stp-standard--stp_standard_pay_events_2024_m10","STP","DRVPAYSTARTDATE","generic_2024_date_range","warning",100,"2024-09-16","All parseable dates fall in 2024; verify the source reference period."
"ato-stp/pmp-stp-standard--stp_standard_pay_events_2024_m10.parquet","pmp-stp-standard--stp_standard_pay_events_2024_m10","STP","PMT_DT","generic_2024_date_range","warning",100,"2024-10-01","All parseable dates fall in 2024; verify the source reference period."
"ato-stp/pmp-stp-standard--stp_standard_pay_events_2024_m11.parquet","pmp-stp-standard--stp_standard_pay_events_2024_m11","STP","DRVPAYENDDATE","generic_2024_date_range","warning",100,"2024-10-27","All parseable dates fall in 2024; verify the source reference period."
"ato-stp/pmp-stp-standard--stp_standard_pay_events_2024_m11.parquet","pmp-stp-standard--stp_standard_pay_events_2024_m11","STP","DRVPAYSTARTDATE","generic_2024_date_range","warning",100,"2024-10-17","All parseable dates fall in 2024; verify the source reference period."
"ato-stp/pmp-stp-standard--stp_standard_pay_events_2024_m11.parquet","pmp-stp-standard--stp_standard_pay_events_2024_m11","STP","PMT_DT","generic_2024_date_range","warning",100,"2024-11-01","All parseable dates fall in 2024; verify the source reference period."
"ato-stp/pmp-stp-standard--stp_standard_pay_events_2024_m12.parquet","pmp-stp-standard--stp_standard_pay_events_2024_m12","STP","DRVPAYENDDATE","generic_2024_date_range","warning",100,"2024-11-26","All parseable dates fall in 2024; verify the source reference period."
"ato-stp/pmp-stp-standard--stp_standard_pay_events_2024_m12.parquet","pmp-stp-standard--stp_standard_pay_events_2024_m12","STP","DRVPAYSTARTDATE","generic_2024_date_range","warning",100,"2024-11-16","All parseable dates fall in 2024; verify the source reference period."
"ato-stp/pmp-stp-standard--stp_standard_pay_events_2024_m12.parquet","pmp-stp-standard--stp_standard_pay_events_2024_m12","STP","PMT_DT","generic_2024_date_range","warning",100,"2024-12-01","All parseable dates fall in 2024; verify the source reference period."
"ato-stp/pmp-stp-standard--stp_standard_pay_events_2024_m12.parquet","pmp-stp-standard--stp_standard_pay_events_2024_m12","STP","PYR_PYE_RLTNSHP_CESTN_DT","generic_2024_date_range","warning",100,"2024-12-17","All parseable dates fall in 2024; verify the source reference period."
"ato-stp/stp_extended_etp_2023_24/part-000-001.parquet","stp_extended_etp_2023_24","STP","PYRL_FNCL_YR","generic_fixed_financial_year","warning",6,"2023-24","All non-missing financial-year values use the lightweight fallback."
"ato-stp/stp_extended_jobs_2023_24/part-000-001.parquet","stp_extended_jobs_2023_24","STP","PYRL_FNCL_YR","generic_fixed_financial_year","warning",258,"2023-24","All non-missing financial-year values use the lightweight fallback."
"ato-stp/stp_extended_pay_events_2023_m07/part-000-001.parquet","stp_extended_pay_events_2023_m07","STP","PYRL_FNCL_YR","generic_fixed_financial_year","warning",414,"2023-24","All non-missing financial-year values use the lightweight fallback."
"ato-stp/stp_extended_pay_events_2023_m08/part-000-001.parquet","stp_extended_pay_events_2023_m08","STP","PYRL_FNCL_YR","generic_fixed_financial_year","warning",415,"2023-24","All non-missing financial-year values use the lightweight fallback."
"ato-stp/stp_extended_pay_events_2023_m09/part-000-001.parquet","stp_extended_pay_events_2023_m09","STP","PYRL_FNCL_YR","generic_fixed_financial_year","warning",402,"2023-24","All non-missing financial-year values use the lightweight fallback."
"ato-stp/stp_extended_pay_events_2023_m10/part-000-001.parquet","stp_extended_pay_events_2023_m10","STP","PYRL_FNCL_YR","generic_fixed_financial_year","warning",415,"2023-24","All non-missing financial-year values use the lightweight fallback."
"ato-stp/stp_extended_pay_events_2023_m11/part-000-001.parquet","stp_extended_pay_events_2023_m11","STP","PYRL_FNCL_YR","generic_fixed_financial_year","warning",391,"2023-24","All non-missing financial-year values use the lightweight fallback."
"ato-stp/stp_extended_pay_events_2023_m12/part-000-001.parquet","stp_extended_pay_events_2023_m12","STP","PYRL_FNCL_YR","generic_fixed_financial_year","warning",432,"2023-24","All non-missing financial-year values use the lightweight fallback."
"ato-stp/stp_extended_pay_events_2024_m01/part-000-001.parquet","stp_extended_pay_events_2024_m01","STP","PYRL_FNCL_YR","generic_fixed_financial_year","warning",418,"2023-24","All non-missing financial-year values use the lightweight fallback."
"ato-stp/stp_extended_pay_events_2024_m02/part-000-001.parquet","stp_extended_pay_events_2024_m02","STP","PYRL_FNCL_YR","generic_fixed_financial_year","warning",396,"2023-24","All non-missing financial-year values use the lightweight fallback."
"ato-stp/stp_extended_pay_events_2024_m03/part-000-001.parquet","stp_extended_pay_events_2024_m03","STP","PYRL_FNCL_YR","generic_fixed_financial_year","warning",407,"2023-24","All non-missing financial-year values use the lightweight fallback."
"ato-stp/stp_extended_pay_events_2024_m04/part-000-001.parquet","stp_extended_pay_events_2024_m04","STP","PYRL_FNCL_YR","generic_fixed_financial_year","warning",412,"2023-24","All non-missing financial-year values use the lightweight fallback."
"ato-stp/stp_extended_pay_events_2024_m05/part-000-001.parquet","stp_extended_pay_events_2024_m05","STP","PYRL_FNCL_YR","generic_fixed_financial_year","warning",423,"2023-24","All non-missing financial-year values use the lightweight fallback."
"ato-stp/stp_extended_pay_events_2024_m06/part-000-001.parquet","stp_extended_pay_events_2024_m06","STP","PYRL_FNCL_YR","generic_fixed_financial_year","warning",422,"2023-24","All non-missing financial-year values use the lightweight fallback."
"ato-stp/stp_standard_jobs_2023_24/part-000-001.parquet","stp_standard_jobs_2023_24","STP","PYRL_FNCL_YR","generic_fixed_financial_year","warning",258,"2023-24","All non-missing financial-year values use the lightweight fallback."
"ato-stp/stp_standard_pay_events_2023_m07/part-000-001.parquet","stp_standard_pay_events_2023_m07","STP","PYRL_FNCL_YR","generic_fixed_financial_year","warning",414,"2023-24","All non-missing financial-year values use the lightweight fallback."
"ato-stp/stp_standard_pay_events_2023_m08/part-000-001.parquet","stp_standard_pay_events_2023_m08","STP","PYRL_FNCL_YR","generic_fixed_financial_year","warning",415,"2023-24","All non-missing financial-year values use the lightweight fallback."
"ato-stp/stp_standard_pay_events_2023_m09/part-000-001.parquet","stp_standard_pay_events_2023_m09","STP","PYRL_FNCL_YR","generic_fixed_financial_year","warning",402,"2023-24","All non-missing financial-year values use the lightweight fallback."
"ato-stp/stp_standard_pay_events_2023_m10/part-000-001.parquet","stp_standard_pay_events_2023_m10","STP","PYRL_FNCL_YR","generic_fixed_financial_year","warning",415,"2023-24","All non-missing financial-year values use the lightweight fallback."
"ato-stp/stp_standard_pay_events_2023_m11/part-000-001.parquet","stp_standard_pay_events_2023_m11","STP","PYRL_FNCL_YR","generic_fixed_financial_year","warning",391,"2023-24","All non-missing financial-year values use the lightweight fallback."
"ato-stp/stp_standard_pay_events_2023_m12/part-000-001.parquet","stp_standard_pay_events_2023_m12","STP","PYRL_FNCL_YR","generic_fixed_financial_year","warning",432,"2023-24","All non-missing financial-year values use the lightweight fallback."
"ato-stp/stp_standard_pay_events_2024_m01/part-000-001.parquet","stp_standard_pay_events_2024_m01","STP","PYRL_FNCL_YR","generic_fixed_financial_year","warning",418,"2023-24","All non-missing financial-year values use the lightweight fallback."
"ato-stp/stp_standard_pay_events_2024_m02/part-000-001.parquet","stp_standard_pay_events_2024_m02","STP","PYRL_FNCL_YR","generic_fixed_financial_year","warning",396,"2023-24","All non-missing financial-year values use the lightweight fallback."
"ato-stp/stp_standard_pay_events_2024_m03/part-000-001.parquet","stp_standard_pay_events_2024_m03","STP","PYRL_FNCL_YR","generic_fixed_financial_year","warning",407,"2023-24","All non-missing financial-year values use the lightweight fallback."
"ato-stp/stp_standard_pay_events_2024_m04/part-000-001.parquet","stp_standard_pay_events_2024_m04","STP","PYRL_FNCL_YR","generic_fixed_financial_year","warning",412,"2023-24","All non-missing financial-year values use the lightweight fallback."
"ato-stp/stp_standard_pay_events_2024_m05/part-000-001.parquet","stp_standard_pay_events_2024_m05","STP","PYRL_FNCL_YR","generic_fixed_financial_year","warning",423,"2023-24","All non-missing financial-year values use the lightweight fallback."
"ato-stp/stp_standard_pay_events_2024_m06/part-000-001.parquet","stp_standard_pay_events_2024_m06","STP","PYRL_FNCL_YR","generic_fixed_financial_year","warning",422,"2023-24","All non-missing financial-year values use the lightweight fallback."
"de-aedc/madipge-aedc-d-core-2024--aedc_2024_core.parquet","madipge-aedc-d-core-2024--aedc_2024_core","AEDC","CREATIONDATE","generic_2024_date_range","warning",100,"2024-01-03","All parseable dates fall in 2024; verify the source reference period."
"de-aedc/madipge-aedc-d-core-2024--aedc_2024_core.parquet","madipge-aedc-d-core-2024--aedc_2024_core","AEDC","YEAR","generic_fixed_year","warning",100,"2024","All non-missing year values use the lightweight fallback year."
"de-aedc/madipge-aedc-d-domain-2024--aedc_2024_dom.parquet","madipge-aedc-d-domain-2024--aedc_2024_dom","AEDC","YEAR","generic_fixed_year","warning",100,"2024","All non-missing year values use the lightweight fallback year."
"de-aedc/madipge-aedc-d-indigenous-2024--aedc_2024_ind.parquet","madipge-aedc-d-indigenous-2024--aedc_2024_ind","AEDC","YEAR","generic_fixed_year","warning",100,"2024","All non-missing year values use the lightweight fallback year."
"de-aedc/madipge-aedc-d-language-2024--aedc_2024_lan.parquet","madipge-aedc-d-language-2024--aedc_2024_lan","AEDC","YEAR","generic_fixed_year","warning",100,"2024","All non-missing year values use the lightweight fallback year."
"de-aedc/madipge-aedc-d-specialneeds-2024--aedc_2024_spec.parquet","madipge-aedc-d-specialneeds-2024--aedc_2024_spec","AEDC","YEAR","generic_fixed_year","warning",100,"2024","All non-missing year values use the lightweight fallback year."
"dhda-mbs/madipge-mbs-d-claims-2024--mbs_dos_2024_10.parquet","madipge-mbs-d-claims-2024--mbs_dos_2024_10","MBS","RPDATE","generic_2024_date_range","warning",100,"2024-04-22","All parseable dates fall in 2024; verify the source reference period."
"dhda-mbs/madipge-mbs-d-claims-2024--mbs_dos_2024_11.parquet","madipge-mbs-d-claims-2024--mbs_dos_2024_11","MBS","RPDATE","generic_2024_date_range","warning",100,"2024-05-23","All parseable dates fall in 2024; verify the source reference period."
"dhda-mbs/madipge-mbs-d-claims-2024--mbs_dos_2024_12.parquet","madipge-mbs-d-claims-2024--mbs_dos_2024_12","MBS","RPDATE","generic_2024_date_range","warning",100,"2024-06-24","All parseable dates fall in 2024; verify the source reference period."
"dhda-mbs/madipge-mbs-d-claims-2024--mbs_dos_2024_7.parquet","madipge-mbs-d-claims-2024--mbs_dos_2024_7","MBS","RPDATE","generic_2024_date_range","warning",100,"2024-01-19","All parseable dates fall in 2024; verify the source reference period."
"dhda-mbs/madipge-mbs-d-claims-2024--mbs_dos_2024_8.parquet","madipge-mbs-d-claims-2024--mbs_dos_2024_8","MBS","RPDATE","generic_2024_date_range","warning",100,"2024-02-19","All parseable dates fall in 2024; verify the source reference period."
"dhda-mbs/madipge-mbs-d-claims-2024--mbs_dos_2024_9.parquet","madipge-mbs-d-claims-2024--mbs_dos_2024_9","MBS","RPDATE","generic_2024_date_range","warning",100,"2024-03-20","All parseable dates fall in 2024; verify the source reference period."
"dhda-pbs/madipge-pbs-d-prescriptions-2024--pbs_2024_1.parquet","madipge-pbs-d-prescriptions-2024--pbs_2024_1","PBS","EXTRCT_DT","generic_2024_date_range","warning",100,"2024-01-22","All parseable dates fall in 2024; verify the source reference period."
"dhda-pbs/madipge-pbs-d-prescriptions-2024--pbs_2024_1.parquet","madipge-pbs-d-prescriptions-2024--pbs_2024_1","PBS","SPPLY_DT","generic_2024_date_range","warning",100,"2024-01-01","All parseable dates fall in 2024; verify the source reference period."
"dhda-pbs/madipge-pbs-d-prescriptions-2024--pbs_2024_10.parquet","madipge-pbs-d-prescriptions-2024--pbs_2024_10","PBS","EXTRCT_DT","generic_2024_date_range","warning",100,"2024-10-11","All parseable dates fall in 2024; verify the source reference period."
"dhda-pbs/madipge-pbs-d-prescriptions-2024--pbs_2024_10.parquet","madipge-pbs-d-prescriptions-2024--pbs_2024_10","PBS","PRSCRB_DT","generic_2024_date_range","warning",100,"2024-09-17","All parseable dates fall in 2024; verify the source reference period."
"dhda-pbs/madipge-pbs-d-prescriptions-2024--pbs_2024_10.parquet","madipge-pbs-d-prescriptions-2024--pbs_2024_10","PBS","SPPLY_DT","generic_2024_date_range","warning",100,"2024-10-01","All parseable dates fall in 2024; verify the source reference period."
"dhda-pbs/madipge-pbs-d-prescriptions-2024--pbs_2024_11.parquet","madipge-pbs-d-prescriptions-2024--pbs_2024_11","PBS","PRSCRB_DT","generic_2024_date_range","warning",100,"2024-10-17","All parseable dates fall in 2024; verify the source reference period."
"dhda-pbs/madipge-pbs-d-prescriptions-2024--pbs_2024_11.parquet","madipge-pbs-d-prescriptions-2024--pbs_2024_11","PBS","SPPLY_DT","generic_2024_date_range","warning",100,"2024-11-01","All parseable dates fall in 2024; verify the source reference period."
"dhda-pbs/madipge-pbs-d-prescriptions-2024--pbs_2024_12.parquet","madipge-pbs-d-prescriptions-2024--pbs_2024_12","PBS","PRSCRB_DT","generic_2024_date_range","warning",100,"2024-11-17","All parseable dates fall in 2024; verify the source reference period."
"dhda-pbs/madipge-pbs-d-prescriptions-2024--pbs_2024_12.parquet","madipge-pbs-d-prescriptions-2024--pbs_2024_12","PBS","SPPLY_DT","generic_2024_date_range","warning",100,"2024-12-01","All parseable dates fall in 2024; verify the source reference period."
"dhda-pbs/madipge-pbs-d-prescriptions-2024--pbs_2024_2.parquet","madipge-pbs-d-prescriptions-2024--pbs_2024_2","PBS","EXTRCT_DT","generic_2024_date_range","warning",100,"2024-02-21","All parseable dates fall in 2024; verify the source reference period."
"dhda-pbs/madipge-pbs-d-prescriptions-2024--pbs_2024_2.parquet","madipge-pbs-d-prescriptions-2024--pbs_2024_2","PBS","PRSCRB_DT","generic_2024_date_range","warning",100,"2024-01-02","All parseable dates fall in 2024; verify the source reference period."
"dhda-pbs/madipge-pbs-d-prescriptions-2024--pbs_2024_2.parquet","madipge-pbs-d-prescriptions-2024--pbs_2024_2","PBS","SPPLY_DT","generic_2024_date_range","warning",100,"2024-02-01","All parseable dates fall in 2024; verify the source reference period."
"dhda-pbs/madipge-pbs-d-prescriptions-2024--pbs_2024_3.parquet","madipge-pbs-d-prescriptions-2024--pbs_2024_3","PBS","EXTRCT_DT","generic_2024_date_range","warning",100,"2024-03-22","All parseable dates fall in 2024; verify the source reference period."
"dhda-pbs/madipge-pbs-d-prescriptions-2024--pbs_2024_3.parquet","madipge-pbs-d-prescriptions-2024--pbs_2024_3","PBS","PRSCRB_DT","generic_2024_date_range","warning",100,"2024-01-31","All parseable dates fall in 2024; verify the source reference period."
"dhda-pbs/madipge-pbs-d-prescriptions-2024--pbs_2024_3.parquet","madipge-pbs-d-prescriptions-2024--pbs_2024_3","PBS","SPPLY_DT","generic_2024_date_range","warning",100,"2024-03-01","All parseable dates fall in 2024; verify the source reference period."
"dhda-pbs/madipge-pbs-d-prescriptions-2024--pbs_2024_4.parquet","madipge-pbs-d-prescriptions-2024--pbs_2024_4","PBS","EXTRCT_DT","generic_2024_date_range","warning",100,"2024-04-21","All parseable dates fall in 2024; verify the source reference period."
"dhda-pbs/madipge-pbs-d-prescriptions-2024--pbs_2024_4.parquet","madipge-pbs-d-prescriptions-2024--pbs_2024_4","PBS","PRSCRB_DT","generic_2024_date_range","warning",100,"2024-03-02","All parseable dates fall in 2024; verify the source reference period."
"dhda-pbs/madipge-pbs-d-prescriptions-2024--pbs_2024_4.parquet","madipge-pbs-d-prescriptions-2024--pbs_2024_4","PBS","SPPLY_DT","generic_2024_date_range","warning",100,"2024-04-01","All parseable dates fall in 2024; verify the source reference period."
"dhda-pbs/madipge-pbs-d-prescriptions-2024--pbs_2024_5.parquet","madipge-pbs-d-prescriptions-2024--pbs_2024_5","PBS","EXTRCT_DT","generic_2024_date_range","warning",100,"2024-05-22","All parseable dates fall in 2024; verify the source reference period."
"dhda-pbs/madipge-pbs-d-prescriptions-2024--pbs_2024_5.parquet","madipge-pbs-d-prescriptions-2024--pbs_2024_5","PBS","PRSCRB_DT","generic_2024_date_range","warning",100,"2024-04-01","All parseable dates fall in 2024; verify the source reference period."
"dhda-pbs/madipge-pbs-d-prescriptions-2024--pbs_2024_5.parquet","madipge-pbs-d-prescriptions-2024--pbs_2024_5","PBS","SPPLY_DT","generic_2024_date_range","warning",100,"2024-05-01","All parseable dates fall in 2024; verify the source reference period."
"dhda-pbs/madipge-pbs-d-prescriptions-2024--pbs_2024_6.parquet","madipge-pbs-d-prescriptions-2024--pbs_2024_6","PBS","EXTRCT_DT","generic_2024_date_range","warning",100,"2024-06-21","All parseable dates fall in 2024; verify the source reference period."
"dhda-pbs/madipge-pbs-d-prescriptions-2024--pbs_2024_6.parquet","madipge-pbs-d-prescriptions-2024--pbs_2024_6","PBS","PRSCRB_DT","generic_2024_date_range","warning",100,"2024-05-02","All parseable dates fall in 2024; verify the source reference period."
"dhda-pbs/madipge-pbs-d-prescriptions-2024--pbs_2024_6.parquet","madipge-pbs-d-prescriptions-2024--pbs_2024_6","PBS","SPPLY_DT","generic_2024_date_range","warning",100,"2024-06-01","All parseable dates fall in 2024; verify the source reference period."
"dhda-pbs/madipge-pbs-d-prescriptions-2024--pbs_2024_7.parquet","madipge-pbs-d-prescriptions-2024--pbs_2024_7","PBS","EXTRCT_DT","generic_2024_date_range","warning",100,"2024-07-22","All parseable dates fall in 2024; verify the source reference period."
"dhda-pbs/madipge-pbs-d-prescriptions-2024--pbs_2024_7.parquet","madipge-pbs-d-prescriptions-2024--pbs_2024_7","PBS","PRSCRB_DT","generic_2024_date_range","warning",100,"2024-06-01","All parseable dates fall in 2024; verify the source reference period."
"dhda-pbs/madipge-pbs-d-prescriptions-2024--pbs_2024_7.parquet","madipge-pbs-d-prescriptions-2024--pbs_2024_7","PBS","SPPLY_DT","generic_2024_date_range","warning",100,"2024-07-01","All parseable dates fall in 2024; verify the source reference period."
"dhda-pbs/madipge-pbs-d-prescriptions-2024--pbs_2024_8.parquet","madipge-pbs-d-prescriptions-2024--pbs_2024_8","PBS","EXTRCT_DT","generic_2024_date_range","warning",100,"2024-08-22","All parseable dates fall in 2024; verify the source reference period."
"dhda-pbs/madipge-pbs-d-prescriptions-2024--pbs_2024_8.parquet","madipge-pbs-d-prescriptions-2024--pbs_2024_8","PBS","PRSCRB_DT","generic_2024_date_range","warning",100,"2024-07-02","All parseable dates fall in 2024; verify the source reference period."
"dhda-pbs/madipge-pbs-d-prescriptions-2024--pbs_2024_8.parquet","madipge-pbs-d-prescriptions-2024--pbs_2024_8","PBS","SPPLY_DT","generic_2024_date_range","warning",100,"2024-08-01","All parseable dates fall in 2024; verify the source reference period."
"dhda-pbs/madipge-pbs-d-prescriptions-2024--pbs_2024_9.parquet","madipge-pbs-d-prescriptions-2024--pbs_2024_9","PBS","EXTRCT_DT","generic_2024_date_range","warning",100,"2024-09-21","All parseable dates fall in 2024; verify the source reference period."
"dhda-pbs/madipge-pbs-d-prescriptions-2024--pbs_2024_9.parquet","madipge-pbs-d-prescriptions-2024--pbs_2024_9","PBS","PRSCRB_DT","generic_2024_date_range","warning",100,"2024-08-02","All parseable dates fall in 2024; verify the source reference period."
"dhda-pbs/madipge-pbs-d-prescriptions-2024--pbs_2024_9.parquet","madipge-pbs-d-prescriptions-2024--pbs_2024_9","PBS","SPPLY_DT","generic_2024_date_range","warning",100,"2024-09-01","All parseable dates fall in 2024; verify the source reference period."
"ha-travellers/madipge-mig-d-travellers-2006-current--madip_ge_mig_travellers_2024q1.parquet","madipge-mig-d-travellers-2006-current--madip_ge_mig_travellers_2024q1","TRAVELLERS","DURATION_MOVEMENT_DATE","generic_2024_date_range","warning",100,"2024-01-01","All parseable dates fall in 2024; verify the source reference period."
"ha-travellers/madipge-mig-d-travellers-2006-current--madip_ge_mig_travellers_2024q2.parquet","madipge-mig-d-travellers-2006-current--madip_ge_mig_travellers_2024q2","TRAVELLERS","DURATION_MOVEMENT_DATE","generic_2024_date_range","warning",100,"2024-04-01","All parseable dates fall in 2024; verify the source reference period."
"ncver-tva/madipge-tva-d-prog-comp-core-2024/part-000.parquet","madipge-tva-d-prog-comp-core-2024","TVA","COLLECTION_YR","generic_fixed_year","warning",1,"2024","All non-missing year values use the lightweight fallback year."
"ncver-tva/madipge-tva-d-prog-comp-core-2024/part-000.parquet","madipge-tva-d-prog-comp-core-2024","TVA","DATE_PROGRAM_COMPLETED","generic_2024_date_range","warning",1,"2024-11-16","All parseable dates fall in 2024; verify the source reference period."
"ncver-tva/madipge-tva-d-prog-comp-core-2024/part-000.parquet","madipge-tva-d-prog-comp-core-2024","TVA","YR_PROGRAM_COMPLETED","generic_fixed_year","warning",1,"2024","All non-missing year values use the lightweight fallback year."
"ncver-tva/madipge-tva-d-trn-actvty-core-2024/part-000.parquet","madipge-tva-d-trn-actvty-core-2024","TVA","COLLECTION_YR","generic_fixed_year","warning",20,"2024","All non-missing year values use the lightweight fallback year."
"ncver-tva/madipge-tva-d-trn-actvty-core-2024/part-000.parquet","madipge-tva-d-trn-actvty-core-2024","TVA","ACTIVITY_START_DATE","generic_2024_date_range","warning",20,"2024-01-12","All parseable dates fall in 2024; verify the source reference period."
"ncver-tva/madipge-tva-d-trn-actvty-core-2024/part-000.parquet","madipge-tva-d-trn-actvty-core-2024","TVA","ACTIVITY_END_DATE","generic_2024_date_range","warning",20,"2024-02-29","All parseable dates fall in 2024; verify the source reference period."
"ndia-ndis/madipge-ndis-exp-d-outcomes-13-current--ndis_familyoutcomes_2024_1.parquet","madipge-ndis-exp-d-outcomes-13-current--ndis_familyoutcomes_2024_1","NDIS","SFOF_DT","generic_2024_date_range","warning",100,"2024-01-01","All parseable dates fall in 2024; verify the source reference period."
"ndia-ndis/madipge-ndis-exp-d-outcomes-13-current--ndis_familyoutcomes_2024_2.parquet","madipge-ndis-exp-d-outcomes-13-current--ndis_familyoutcomes_2024_2","NDIS","SFOF_DT","generic_2024_date_range","warning",100,"2024-04-01","All parseable dates fall in 2024; verify the source reference period."
"ndia-ndis/madipge-ndis-exp-d-outcomes-13-current--ndis_familyoutcomes_2024_3.parquet","madipge-ndis-exp-d-outcomes-13-current--ndis_familyoutcomes_2024_3","NDIS","SFOF_DT","generic_2024_date_range","warning",100,"2024-07-01","All parseable dates fall in 2024; verify the source reference period."
"ndia-ndis/madipge-ndis-exp-d-outcomes-13-current--ndis_familyoutcomes_2024_4.parquet","madipge-ndis-exp-d-outcomes-13-current--ndis_familyoutcomes_2024_4","NDIS","SFOF_DT","generic_2024_date_range","warning",100,"2024-10-01","All parseable dates fall in 2024; verify the source reference period."
"ndia-ndis/madipge-ndis-exp-d-outcomes-13-current--ndis_participantoutcomes_2024_1.parquet","madipge-ndis-exp-d-outcomes-13-current--ndis_participantoutcomes_2024_1","NDIS","SFOF_DT","generic_2024_date_range","warning",100,"2024-01-01","All parseable dates fall in 2024; verify the source reference period."
"ndia-ndis/madipge-ndis-exp-d-outcomes-13-current--ndis_participantoutcomes_2024_2.parquet","madipge-ndis-exp-d-outcomes-13-current--ndis_participantoutcomes_2024_2","NDIS","SFOF_DT","generic_2024_date_range","warning",100,"2024-04-01","All parseable dates fall in 2024; verify the source reference period."
"ndia-ndis/madipge-ndis-exp-d-outcomes-13-current--ndis_participantoutcomes_2024_3.parquet","madipge-ndis-exp-d-outcomes-13-current--ndis_participantoutcomes_2024_3","NDIS","SFOF_DT","generic_2024_date_range","warning",100,"2024-07-01","All parseable dates fall in 2024; verify the source reference period."
"ndia-ndis/madipge-ndis-exp-d-outcomes-13-current--ndis_participantoutcomes_2024_4.parquet","madipge-ndis-exp-d-outcomes-13-current--ndis_participantoutcomes_2024_4","NDIS","SFOF_DT","generic_2024_date_range","warning",100,"2024-10-01","All parseable dates fall in 2024; verify the source reference period."
"ndia-ndis/madipge-ndis-exp-d-payments-13-current--ndis_payments_2024_2.parquet","madipge-ndis-exp-d-payments-13-current--ndis_payments_2024_2","NDIS","SUPPENDDTADJ","generic_2024_date_range","warning",100,"2024-03-18","All parseable dates fall in 2024; verify the source reference period."
"ndia-ndis/madipge-ndis-exp-d-payments-13-current--ndis_payments_2024_3.parquet","madipge-ndis-exp-d-payments-13-current--ndis_payments_2024_3","NDIS","SUPPENDDTADJ","generic_2024_date_range","warning",100,"2024-06-17","All parseable dates fall in 2024; verify the source reference period."
"ndia-ndis/madipge-ndis-exp-d-payments-13-current--ndis_payments_2024_4.parquet","madipge-ndis-exp-d-payments-13-current--ndis_payments_2024_4","NDIS","SUPPENDDTADJ","generic_2024_date_range","warning",100,"2024-09-16","All parseable dates fall in 2024; verify the source reference period."
"rbdm-deaths/madipge-death-d-cause-of-death-2024--cause_of_death_2024_prelim.parquet","madipge-death-d-cause-of-death-2024--cause_of_death_2024_prelim","DEATHS","DEATH_YEAR","generic_fixed_year","warning",100,"2024","All non-missing year values use the lightweight fallback year."
"rbdm-deaths/madipge-death-d-cause-of-death-2024--cause_of_death_2024_prelim.parquet","madipge-death-d-cause-of-death-2024--cause_of_death_2024_prelim","DEATHS","REF_YEAR","generic_fixed_year","warning",100,"2024","All non-missing year values use the lightweight fallback year."
"rbdm-deaths/madipge-death-d-cause-of-death-2024--geography_field_updates_2024.parquet","madipge-death-d-cause-of-death-2024--geography_field_updates_2024","DEATHS","REF_YEAR","generic_fixed_year","warning",100,"2024","All non-missing year values use the lightweight fallback year."
"rbdm-deaths/madipge-death-d-cause-of-death-2024/part-000.parquet","madipge-death-d-cause-of-death-2024","DEATHS","YEAR_OF_DEATH","generic_fixed_year","warning",2,"2024","All non-missing year values use the lightweight fallback year."
"rbdm-deaths/madipge-death-d-cause-of-death-2024/part-000.parquet","madipge-death-d-cause-of-death-2024","DEATHS","REFERENCE_YEAR","generic_fixed_year","warning",2,"2024","All non-missing year values use the lightweight fallback year."
"sa-mcd/madipge-mcd-d-enrolments-06-current--mcd_0624_address.parquet","madipge-mcd-d-enrolments-06-current--mcd_0624_address","MCD","END_DATE","generic_2024_date_range","warning",100,"2024-06-17","All parseable dates fall in 2024; verify the source reference period."
"sa-mcd/madipge-mcd-d-enrolments-06-current--mcd_0624_address.parquet","madipge-mcd-d-enrolments-06-current--mcd_0624_address","MCD","START_DATE","generic_2024_date_range","warning",100,"2024-06-01","All parseable dates fall in 2024; verify the source reference period."
